text,label
dear lord thank u for all of ur blessings forgive my sins lord give me strength and energy for this busy day ahead #blessed #hope #SemST,Against
"Blessed are the peacemakers, for they shall be called children of God. Matthew 5:9 #scripture #peace #SemST",Against
I am not conformed to this world. I am transformed by the renewing of my mind. #ISpeakLife #God #2014 #SemST,Against
Salah should be prayed with #focus and #understanding. #Allah warns against #lazy prayers done just for #show Surah Al-Maoon 107:4-6 #SemST,Against
"And stay in your houses and do not display yourselves like that of the times of ignorance."" [Quran 33:33].#islam #SemST",Against
"If we are unsure whether something is halal or haram, we should leave it - this will #safeguard our #deen #rule #SemST",Against
"Papa God, i pray that You shower me with more patience.  #worththewait #SemST",Against
"Now that the SCOC has ruled Canadians have freedom from religion, can someone tell Harper to dummy his 'god bless Canada'. #cdnpoli #SemST",Favor
"Wow, unsubstantiated claims about spooks. Remember whe I said there were gullible people? @jvx242 #SemST",None
"RT ""...That kind of modesty is too arrogant for me.""Í¢‘„‘îChristopher Hitchens 2/2"" #Funny #SemST",None
Everyone is able to believe in whatever they want. #Freedom #SemST,Favor
"The best of you are those who best treat their women. And I am the best of people to my women."" Prophet Mohammad (PBUH #islam #SemST",Against
"RT @prayerbullets: Let the righteousness, peace, and joy of the kingdom be established in my life -Rom. 14:17 #SemST",Against
"STOP! Hold your peace and allow the All Powerful God time to fight the battle. Then, ""You Win!"" #believe #truth #hope #ButGod #SemST",Against
"Faith sees the invisible, believes the incredible, and receives the impossible! #God #SemST",Against
"Prophet Muhammad said: ""Exchange gift for it will increase your love towards one another."" #islam #world #Quran #SemST",Against
@ax2n38 @halcyondon @TAG65 Good luck with that. #separationofchurchandstate #TING #GWG #GFYH #SemST,None
Celebrity atheism is beginning to irk me #initforthemoney #SemST,Against
Leaving Christianity enables you to love the people you once rejected. #freethinker #Christianity #SemST,Favor
"Clear your thoughts, look up to the sky, SOMEONE there is looking after you. #God #islam #SemST",Against
"heavens and the earth were one connected entity, then We separated them And We havemade from water every living thing quran 21:30 #SemST",Against
Could all those who believe in a god please leave. The meeting will now continue for the grown ups only. #SemST,Favor
'Pop may throw in the towel second half.. #SemST,None
"The devil is our enemy, and our mind is the battleground he plays in. -Josh Ricketson #RUSH #RUSHSWAG #SemST",Against
The odds are already stacked in our favor if we believe in the Lord and call Him our Savior. #SemST,Against
"When it comes to scientific discoveries, the #religious call them bullshit until their texts already knew it. #SemST",Favor
You can look at others with envy or look to God and focus on what He's calling you to become. Dream Kingdom-sized dreams. #Focus #SemST,Against
"If the #purpose of life is to become wealthy, there would be no purpose after becoming wealthy #islam #SemST",Against
"If you don't feel the need for God/Love, then you don't desire God.  #truth #love #SemST",Against
Our cause is making definite marks. Never stop.   #Think #SemST,None
"6 Holy Mary Mother of God, pray for us sinners now and at the hour of our death. Amen. #rosary #teamjesus #God #SemST",Against
"9 Holy Mary Mother of God, pray for us sinners now and at the hour of our death. Amen. #rosary #teamjesus #God #SemST",Against
What I see in the natural will not stop what God is getting ready to release in the supernatual. #SemST,Against
Religions stopped being credible the minute the first dinosaur fossil was found.   #SemST,Favor
@FaithReeI #Love those kind of dogs .. carries baby home.. from a dump . see photo #HERO #SemST,None
"In the absence of God, What are you? You are nothing more than an accident or a re-arrangement of molecules. #bible #SemST",Against
You better go get my ball.... #SemST,None
"#Save your people, Lord, and bless those who are yours. Be their #shepherd, and take care of them forever. (Psalm 28:9 GNT) #SemST",Against
"#Life Is The Question, #Islam Is The Answe #islam #allah #quran #SemST",Against
RT @jeremysumpter: Thank you lord for such a beautiful Sunday :) truly blessed. #Blessed #church #me #jeremysumpter #Love #HAPPINES... #SemST,Against
"Remove the bitterness from my heart, Lord. Amen. #SemST",Against
Sometimes God could be protecting you from something when things don't go the way you want them to.  Trust His will. #wisdom #SemST,Against
"Faith, perseverance and HardWork , is what separates Dreamers from Achievers! #GodFirst #actorslife #Dancer #LetsWork #Vision #Work #SemST",Against
My God is COMPREHENSIVE and not SELECTIVE! Ask for 1 thing and get EVERYTHING! #LoveMyJesus #HOLYCRAPThatsGoodNews #SemST,Against
"His love shows me mercy, no matter the darkness that I've been in. #SemST",Against
I'll be answering questions today on reddit (r/atheism) for #AskanAtheistDay 2-5pm EST! #AMA #SemST,Favor
It's Ask an Atheist Day! Have a question?   #askanatheist #SemST,Favor
"A #kingdom has a particular #culture, a way of doing things (Ed Welch). #SemST",None
"no matter what I face, at the end of the day, I know I will be okay, because I know the Maker of the day...         #HappyNote #SemST",Against
Is there a way to get Free Atheist literature to pass out at an upcoming protest I'm planning? #ffrf #SemST,Favor
Evidence-based thought just works out better than superstition-based thought.   #freethinker #SemST,Favor
All these bible studies I've been a part of at UNT makes me  kinda wanna to go to seminary school. #UNT #meangreen #Gospel #SemST,Against
"@musical_seizure  It's very cool, but it's not evidence for any #god. Is that what you're implying?  #SemST",Favor
Souls are so CONNECTED to their creator no matter how hard you tried to DISCONNECT #islam #SemST,Against
"1/5""And the heaven We created with might, and indeed We are (its) expander."" (Quran (51:47) #SemST",Against
"The worst day of my life so far is here, setting my Nan to rest. Even as a physicist, times like these make you wonder. #SemST",None
"If you shout ""Almighty #god!"" that's just two claims without proof.  #SemST",Favor
".@AtheistRepublic Where does our morality come from?  < Our innate sense of, and response to, suffering  #atheists #HumanRights #SemST",Favor
"No matter what you are going thru, I assure you somewhere in the world somebody has it 10x worse.  #bethankful #hope #SemST",None
"Dear believers, To prove the book you must NOT read from the book. Regards, an #SemST",Favor
"For the Lord is the Spirit, and wherever the Spirit of the Lord is, there is freedom. (2 Corinthians 3:17 NLT) #Freedom #SemST",Against
True community is being able to disagree and still love one another. #roadtolife #SemST,None
True education and a free mind is the best weapon against any obstacle. #SAHD  #freethinkers  #homeschooling  #SemST,Favor
"Just watched the #SCfeatured segment on the life of Manny Pacquiao.  If I wasn't on #TeamPacquiao already, I would be now. #respect #SemST",None
"I look around and find fear, I look up with my Father and find faith. #toGodbetheglory #SemST",Against
"You are the strength of my life, Lord. #SemST",Against
"It's YOUR plan, I just gotta be #willing to work hard & Seek you! #SemST",Against
God never gives us anything we can't handle - it's either a victory or a lesson ....have an amazing day!! #inspiration #believe #SemST,Against
You don't run a thing till you run it to the King. #SemST,Against
God wouldn't invest His anointing in your life if he wasn't going to bless you. #GOTFAITH #SAYYES #SemST,Against
"@latikia @seangillies Yeah, right? Lol wink wink nudge nudge. The greatest part is how ""God's"" playing along! #religiondoesharm #SemST",Favor
"God has not given us a spirit of fear and timidity,but of power, love,and self-discipline. 2 Timothy 1:7 #fearless #Conqueror #God #SemST",Against
The sexiest thing you can carry right now is a BIBLE  #accessory #Christian #SemST,Against
"#Scientists say that #iron is not from #earth, sorry, The Quran (57:25) outran u by 1400 years! s #SemST",Against
"@dw_english. Even in death, the truth prevails! Yet, what a sorrowful reality. #freethinkers #SemST",Favor
"I will not allow the accuser to accuse me, for I am washed and cleansed by the blood of the Lamb -Rev. 1:5; 7:14 #SemST",Against
#India urges its wealthy temples to bolster the economy with #gold #worldnews #economics #commodities #SemST,None
There's no religion but sex and music. ~Sting #SemST,Favor
"@RichardDawkins What is more likely to be real; Bigfoot, Loch Ness Monster or God ? #SemST",Favor
Alot of angry people in this world.  Peace to all. #love #SemST,None
Want to become #steadfast in the religion? Ponder upon the #Qur'an - it's one of the best means to acquire #steadfastness in the #SemST,Against
"RT @rosaryrevival: 3 Holy Mary Mother of God, pray for us sinners now and at the hour of our death. Amen. #rosary #SemST",Against
".@dhiggins63 True, your #god, a fiction, is incapable of killing anything. /@PvtFraser #SemST",Favor
"@Breaking911 #police Hooligans can challenge everyone - Police must do right out of frustration,criminals can face their black/white #SemST",None
#Life is a STATION not a DESTINATION #islam #SemST,Against
"I am your cover girl. I make up for your lacks and deficiencies. I'm your very foundation, see I blend with you perfectly. #SemST",None
.@AlphaRomeo223 You are quite mistaken. :) /@dhiggins63 @PvtFraser #SemST,None
"Every time I arrive at my home, I'm n constant awe of how much my God loves me .My family is better than urs. I LOVE MY LIFE #Blessed #SemST",Against
"I have been crucified with Christ & I no longer live, but Christ lives in me. -Galatians 2:20 #HolyBible #TeamJesus #SemST",Against
"And We created not the heavens and the earth, and all that is between them, for mere play,  [Quran 44:38]  #athiest  #SemST",Against
"It is not the time for posturing, pretending or pontificating, now is the time for #Baltimore #BaltimoreRiots #SemST",None
Jesus  I know you didn't bring me this far to leave me #SemST,Against
I Appreciate almighty God for waking me up diz beautiful day + giving me brilliant ideas to grow my #Hustle #SemST,Against
Kip laughing as shed my tears... BT we all know what's gonna hpn in d end #ChildOfGod #SemST,Against
"I've been everywhere but Still in my spirit today. Then O Thee of lil faith, slapped me in my face! LOL  #HELIVES #LOVE #SemST",Against
"Don't allow life to ""potter"" you. #iamtheclay #IAMisthepotter #god #belief #christianity #SemST",Against
Many doctrines have been created so Christians could save face #truth #theology #SemST,Favor
Love for the Sahaba is a sign of faith; hating the Sahaba is a sign of hypocrisy. Let us respect the Sahaba. #Love #Hypocrisy #SemST,Against
"10 Holy Mary Mother of God, pray for us sinners now and at the hour of our death. Amen. #rosary #teamjesus #SemST",Against
Evidence-based thought has its feet planted on the ground.  Superstition-based thought does not.  #freethinker #SemST,Favor
Calling all Angel. The angels will sing for the innocent. May God bless you. #MaryJaneVeloso #SemST,Against
god of the gaps is not evidence #next #SemST,Favor
You can't think by yourself about life and believe in god. It just doesn't add up #SemST,Favor
"There are two kinds of people on earth - they, who believe in Magic & Miracles & Myth (Oh my!) & we, who are Rational. Regards, an #SemST",Favor
The only esteem that won't abandon us is the esteem given to us by Jesus.  ~ Scott Sauls   @evangelistmatt #esteem #SemST,Against
"What is the purpose of life?"" & ""Why are we here?"" #Islam is providing clear and concise answers for these questions.#islam #SemST",Against
"Know that God is always listening, always answering-maybe not in ways you had hoped, but in ways that he knows are best #prayerworks #SemST",Against
"The framers of our Constitution meant we were to have freedom of religion, not freedom from religion. - Billy Graham #quote #SemST",Against
@neiltyson the more afraid you're wrong the stronger you fight to avoid facing facts. Belief based in fear just compounds that #SemST,Favor
"8 years ago today my son was taken from me. If there's a god, fuck you, fuck you very much. #SemST",Favor
"For every tree is known by his own fruit. For of thorns men do not gather figs, nor of a bramble bush gather they grapes. Luke 6:44 #SemST",Against
Imagine living a life where you don't get credit for everything you did well but got the blame for everything you did wrong. #SemST,None
@Laur_guuurl or just Alittle cup of #YouGotIt #SemST,None
"#God cares about everything that concerns you, so feel free to talk to Him about anything. #SemST",Against
#Necessity is the mother of #innovation. Our #Deen is complete - there is no need for innovation. #islam #SemST,Against
My heart and prayers go out to the city of Baltimore. I can only hope for clarity and resolution for the people of that city. #SemST,Against
I bind and rebuke all demons of jihad in the name of Jesus. #SemST,Against
"Even if your MIND denied #God, your SOUL will no #islam #SemST",Against
...because #god made it that way is literally not ever the answer. Keep curiosity alive. #SemST,Favor
"That nagging doubt you keep having about god? Gods not testing u, it's your intellect trying to tell you your beliefs are bullshit. #SemST",Favor
"Lk 6:37 KJV  Judge not, and ye shall not be judged: condemn not, and ye shall not be condemned... #SemST",Against
"This is eternal life, that they may know You, the only true God, and Jesus Christ whom You have sent. (John 17:3) #GOD #SemST",Against
We believe the #Bible to be the word of God; ... we also believe the Book of #Mormon to be the word of God. - Joseph Smith #Prophet #SemST,Against
Do not be discouraged when things dont happen like you planned. #God has better in store. Keep pressing forward! #teamPerserverance #SemST,Against
.@TonyMiano  @Thecorruptorr  You scam people out of their money selling words of fear  and now claim to have none. Interesting. #SemST,None
Nothing could be more dangerous to the existence of this Republic than to introduce religion into politics - Robert Green Ingersoll #SemST,Favor
The Son of God became man so that we might become God. ~Athanasius #SemST,Against
@trebor12566 I wish I could eliminate culture. That is the new #SemST,None
"Today's verse: ""He who hears you hears me; he who rejects you rejects me"" #Jesus, Luke 10:16 #bornagain #TeamCOGIC #Bible #HolySpirit #SemST",Against
If God = Miraculous And Miracles = Impossible Then God = Impossible #logic #reason #science #RT #SemST,Favor
"Faithful God, we #pray that we may learn to trust the uncertainty & mystery of walking on water toward you #SemST",Against
Let my heart find strength in Your presence #SemST,Against
"When you've done everything you can do, that's when God will step in, and do what you cannot do #islam #SemST",Against
"No matter how things look, know that #God is still in control. Stay in peace, knowing that He will always be with you. #SemST",Against
"Whoever is not kind to the younger ones, or does not respect the elders is not from my nation"" -Prophet Muhammad (PBUH #islam #SemST",Against
People may leave you but #God will never do #islam #SemST,Against
I stand for: #equality #fairness #HumanRights #logic #rational thought #freedom #freedomofspeech   I care  I am an #SemST,None
"I am not a fool who dies in want of wisdom, but the words from my mouth feed many -Prov. 10:21 #SemST",Against
"In #Christ we are righteous, and in practice, we are being conformed to His image.~ Chip Ingram #Quote #FB #TeamJesus #SemST",Against
"There is POWER in the name of JESUS! Jesus, may the people of north India call upon your name! #missions #SemST",Against
"RT @FollowDMS: ""Ask and it will be given to you; seek and you will find; knock and the door will be opened to you. -Matt 7:7 #SemST",Against
"@davidpakmanshow @LiberalBias If hell existed, Bush would be first in line, ""Christian"" or not. Morality transcends religion. #SemST",Favor
I would rather stand with #God and be judged by the world than stand with the world and be judged by God. #Godsnotdead #Truth #SemST,Against
"Sikhism is not any better either, we have to finish all religions. ;-) @Saimarani13 @BeingHu62727983 @MaheshHindu @Po_st @Swamy39 #SemST",Favor
"I think Jesus said it best when He said, ""Don't cum in me Peter.""   #bible #SemST",Favor
If theists had a big mountain of evidence for their god do you think we'd ever fucking hear the word Faith again? #bible #god #SemST,Favor
"I don't want the Government spying on me, I want God doing that. #bible #god #tcot #p2 #SemST",Against
"We're equal to men, and this makes us morally superior to them #fuckfeminism #EqualityForAll #SemST",None
"'God ensures justice for orphans and widows and God loves the strangers, providing them with food and clothing.' Deut 10:18. #giving #SemST",Against
RT @GoldAnuli: God isn't as interested in what you're doing as He is in who you are becoming. #Bible #SemST,Against
Ali Al Amin #Lebanon Shia' it Leader: from 70s we rejected #Iran regime's conduct W #SemST,None
God can turn around any situation. #trust #SemST,Against
Ha ha ha ha Varun Gandhi is great grand son of Nehru. You love his 'Hindu' Brahmin ancestry. Don't you. ;-) Chameleon! @Swamy39 #SemST,None
"If you regularly base your thoughts on superstitions, you might not be able to think well.  #freethinker #SemST",Favor
"@skepticpedi I don't trust you performing your ""science-based medicine"" on children.  I don't think it's science, or why reiterate? #SemST",Against
You cannot expect to walk in the supernatural without the one who is supernatural. #lethimin #Dontdoministryalone #waterwalker  #BOOM #SemST,Against
One day...I'm gonna get this thing right with the right one #AlwaysOptimistic #SemST,None
Zubair Ibn Awwam accepted #Islam at the age of 15 and dedicated his #life to protecting and promoting the #BlessedTen #SemST,Against
@robeddy24: @NurseRatchets @ATHE1STP0WER Certainly...both Matthew and John were eyewitnesses  Liar   #lyingforjesus #SemST,Favor
"One of my favorite quotes of all-time! ""Change your thoughts and you change your world"" ~ Norman Vincent Peale #Positivity! #SemST",None
@connection2013: There is no such word as impossible if you are walking with the King of Glory. #SemST,Against
#God has a wonderful way of turning negatives into positives. #SemST,Against
"If you seek nothing but the will of #God, He will always put you in the right place at the right time. #SemST",Against
@Fatima_ZE @ginestarros   they delight in their abominations;--Isaiah 66:3 #JadeHelm15 #science #Revelation21:8 #SemST,Against
"I know that my redeemer lives, and that in the end He will stand on the earth. #God #Christians #Christianity #love #mercy #SemST",Against
"Humanity is deeper than race, gender and religion... it's LOVE! #love #INV #life #humanity #race #sex #gender #SemST",None
I adore the women the Lord is making me into! Wow.#forevergrateful #beingme #thisiswhoIwasmeanttobeallalong #free #SemST,Against
Struggling with identity is very real. Christians need to look in #Christ. He has your #identity and #destiny. tweeters #SemST,Against
"As bad as it looks. As chaos reeks havoc. As dark as the days grow. God still and forever will ever be, always in control. #PHN #SemST",Against
RT @prayerbullets: Let the scepter of Your kingdom be released -Heb. 1:8 #SemST,Against
RT @prayerbullets: Let the gates of my life and city be opened for the King of glory to come in -Ps. 24:7 #SemST,Against
"Let us offer through Jesus a continual sacrafice of praise to God, proclaiming our allegiance to his name.  Hebrews13:15NLT #God #SemST",Against
Beware of the prosperity doctrines of greed and vanity! #deception #Greed #vanity #truth #wisdom #SemST,None
"If @Pontifex thinks it""s scandalous women make less than men for the same work, why are there no women priests #Catholic #Vatican #SemST",None
"Jesus wants you to love those that persecute you, not bring them violence. Love them as He loves you. #theword #truth #Love #Peace #SemST",Against
"God gave us a mind, and He expects Christians to use their own. Don't be led around by the decisions of others #Truth #SemST",Against
"Religious people are people too...... Just bigoted,genitalia mutilating, angry gullible people #SemST",Favor
The desire to reach for the stars is ambitious. The desire to reach hearts is wise.  Maya Angelou #wisdom #truth #SemST,None
@POTUS sweet! Congratulations to a rational decision. #SemST,None
Therefore confess your sins to each other and pray for each other so that you may be healed. James 5:16 #men #accountability #god #SemST,Against
You have not to be indifferent to those children who are starving in the desert. They and you are being connected to each other. #SemST,None
''They tried to bury us. They didn't know we were #seeds.'' #MexicanProverb #Tolerance #Coexistence #peace #Liberty #OneWorld #SemST,None
RT @WhatChristSaid: Pray as though everything depended on God. Work as though everything depended on you. #Love #Grace #SemST,Against
Why criticise religions? If a path is not your own. Don't be pretentious. And get down from your throne. #peace #worldpeace #SemST,Against
Push through any pain you feel today! Your dreams are worth it! #PowerThrough #NOdaysoff #SemST,None
Never get so busy making a living that you forget to make a life. #Life #SemST,None
Religious leaders are like political leaders - they say what they think people want to hear.  #freethinker #SemST,Favor
"Satan is busy, but GOD is in control #God #Spiritual #Motivation #Relax #NoWorries #Strength #SemST",Against
"Mary, most sorrowful, Mother of Christians, pray for us. #Catholic #SemST",Against
Greater is He who is in you than he who is in the world. - 1John 4:4 #god #bible #SemST,Against
"@questiontime Amber Rudd is a joke, trying too much to espouse #Thatcherism. #Greece #BAND AID, help our own, be a human being,  #SemST",None
It's #PrayerTime! Call in 7AM Friday 605-475-3220 access code: 685783 #PrayForCharleston #prayforUSA #atlprayer #theLifeLine #SemST,Against
"RT @prayerbullets: Lord, bless my latter end more than my beginning -Job 42:12 #SemST",Against
"RT @SMARFreedom: #Pray for orphans in #NorthKorea,who over the years found themselves homeless.#TeamJesusTweeters #SemST",Against
RT @prayerbullets: I command all spirits of addiction to come out of my appetite in the name of Jesus. #SemST,Against
"#God, because you hold us close, give us the courage to let go when we need to. #SemST",Against
For the #oppression of the #poor for the sighing of the #needy now will I arise. #Psalms 12:5 #Bible #God #SemST,Against
@michaelshermer Praying is ignorance. There's no God. Loving is what matters & it requires honesty. We must conserve h20! #Drought #SemST,Favor
RT @chasenme01: Ye are the light of the world. A city that is set on an hill cannot be hid. Matthew 5:14 #Shine #BeLight  #SemST,Against
Thou shall think for ones self. #freethought #freethinker #reality #SemST,Favor
@julievila and it's almost the end!!! #homeschool #curriculum #SemST,None
"For no one can lay any foundation other than the one that has been laid, that foundation is #Christ. #SemST",Against
"If current trend of constitution making continues, Indigenous peoples would more than Madhesis- Hachhethu #identity #inclusion #SemST",None
Indigenous would lose more than Madhesi if da current trend of constitution making continues- Hachhethu #identity #federalism #SemST,None
'I'm looking for a seed who would stand for identity forever'- Hachhethu #federalism #identity #SemST,None
"I will dwell in a peaceful habitation, in secure dwellings, and in quiet resting places -Isa. 32:18 #SemST",Against
All the  you've given. All the ways you've made. The fact that I'm still living!! How dare I wear  on my face. I'll  #LyricTweet #SemST,None
@wordsporns @TheComedyHumor. I'd rather go to hell then worship some Image created by whites... #SemST,Favor
"I bought the world and sold my heart, You traded heaven to have me again. #SemST",Against
@RozRothstein only answer to the #Israel/#Palestine problem is a #singlesecularstate with a huge emphasis on #SemST,None
Therefore Iwilllook unto theLord; Iwill wait for the God of my salvation: my Godwillhear me. Micah 7:7 #tcot #pjnet #ccot #SemST,Against
"RT @NikeAdeyemi: Faithfulness actually means 'full of faith'. Beyond service and commitment, your heart shld be full of faith. #RWAtl #SemST",Against
"I bind and cast out every spirit of the desert owl, fox, dragon, hyena, and vulture in the name of Jesus -Isa. 34:1115 #SemST",Against
countless more will die until this race will die by self inflicted genocide #kuwait #shunpoliticalislam #SemST,None
RT @MaggieArdiente: Humanist love to everyone at #100AEUAssembly celebrating @EthicalUnion 100th Anniversary! Amazing! #ethicalcu... #SemST,None
"What happened to this world! Attacks in France, Tunisia and Kuwait Kill Dozens!! Is this what you do in Ramadan!!!!? #shameless #SemST",None
I have never been more dismayed for the future of #America than today. We have forgotten why we're here to begin with. #freedom #SemST,None
"It's been a really, really bad week for bigots. #LGBT #Equality #Nondiscrimination #SemST",None
The far right wing is imploding and they can't understand why. Too funny. #SCOTUSMarriage #pot #healthcare #SemST,None
"Small steps eradicating bigotry: remove confederate flags, healthcare for all, legalize gay marriage.  #SemST",None
"I don't know which I'm more surprised by, the USA or Ireland, for their action on gay rights. #lgbt #USA #Ireland #SemST",None
"The world was made a better place today, even if it was on a small scale, it was a small step forward. #SemST",None
"In other news, this week FoxNews lost half its viewers due to heart attacks. Well, at least they have Obamacare.    #UniteBIue #SemST",None
"On a terrible day elsewhere, President Obama's beautiful, inspiring words on gay marriage are so welcome #equality #hope #SemST",None
@WhiteHouse @POTUS #Imagine no religion. There's no God. Loving one another unconditionally is what matters. WTG USA! #LoveWins #SemST,Favor
#NewsAlert from Heaven: In an effort to minimize the workload #God decides to only answer #gay #prayers #criticalthinking  #SemST,Against
"Our country is finally moving beyond outdated, religious definitions of marriage. @RoySpeckhardt @americnhumanist #marriage #SemST",Favor
"Now, let's get SCOTUS to rule that ""Under God"" on the currency violates the Establishment Clause.  #freethinker #SemST",Favor
"Our country always had ""legal"" acts that've been ""illegal"" according to God's law  Keep your eyes & service on the only real judge!  #SemST",Against
"IDC what the bible says, constitution says you can take it and shove it right back where it came from .. We aren't a theocracy. #SemST",Favor
Today is the day we finally join other free nations in celebrating equality for all. Long overdue. #LoveWins #SemST,None
"A win for health care, a win for love. It's been a good two days. #SemST",None
@wolfblitzer When r u going to get some balls & stand up against the insanity of god worship. #FuckReligion #FuckJesus #SemST,Favor
@wolfblitzer When r u going to stand up against the stupidity of faith; belief w/o evidence? #FuckReligion #FuckJesus #SemST,Favor
"A defining moment for the U.S. yes, but even more so for the human species. We continue to march forward. #ProudToLove #LoveWins #SemST",None
Fruity Pebbles might just be the perfect breakfast today. :)  #LoveWins #LoveIsLove #SCOTUSMarriage #LoveNeverFails #Pride2015 #SemST,None
A big MUAH to everyone in America! #LoveWins #MarriageEquality #SemST,None
I'm so proud of the U.S. Let's keep the momentum going and make more progress for all. #LoveWins #SemST,None
"Do nothing for #God , Do everything for humans. #freethinker #LoveWins #SemST",Favor
We all end to come out! #Diversity be who you are. #SemST,None
Today makes me really happy because we are one step closer to full equality in America  #SemST,None
I know why he has to do it. Given the audience and the events. But the God talk in President Obama's speech jars with me. A lot. #SemST,Favor
I am strong because I am wise and full of knowledge -Prov. 24:5 #SemST,Against
Graveyards owned by the local authority are available to people of all religions or none. #SemST,None
"@DragonflyJonez @GKJill Yeah, well, he wasn't a fan of gay marriage a few years ago, so let's just see how this goes, ok? #SemST",None
Defend me from those who rise up against me -Ps. 59:1 #SemST,Against
"atheism involves what a person does or does not believe, agnosticism involves what a person does or does not know.  #Waterford #SemST",None
One don't have to kill the old ones for a newly born !   #Life #Humanity #SemST,None
@GovMikeHuckabee Read Article 11 of the Tripoli Treaty in which Pres. John Adams makes clear America is NOT a Christian nation #SemST,Favor
@the_bodd I can see why it's deleted lol #LoveWins #reasonoverreligion #SemST,Favor
"Just because the Supreme Court grants something, doesn't make anything equal. Equality, like anything else, is matter of the heart. #SemST",None
Today I am glad to have one more reason to be proud of the country I live in:) #lovewins #LGBT #SCOTUS #freedom #SemST,None
@FrMatthewLC...or maybe random shit happens to everyone regardless of whether or not they have a make-believe friend. #SemST,Favor
"@ChooseToBFree @xfranman @NBCNews Thomas Jefferson & George Washington did not believe in an afterlife, Thomas Paine was atheist #SemST",Favor
Imagine how amazing the world would be without religion. No wars. No hate (religion wise). No extremist.  #SemST,Favor
@ChooseToBFree @xfranman Read a book that isn't about a burning bush and maybe you'll learn something #LoveWins #SemST,Favor
@xfranman Old age has not made you any wiser or more mature. For shame! #SemST,None
Most people need love and acceptance a lot more than they need advice.  - Bob Goff #inspiring #quote #lovedoes #love #christian #SemST,Against
Have you sensed the summons to your journey? #spirituality #SemST,Against
sagar wadekar on spirituality: Have you sensed the summons to your journey? #spirituality #SemST,Against
"@WBCSaysRepent How do you feel now you evil, hompohobic, hypocritical, lying bunch of lunatics? YOU LOST. GOD LOST. LOVE WON. #SemST",Favor
Come out of every circle of limitation and affliction in Jesus' Name. #solutionnight #goodthing #SemST,Against
"#thebriefcase Ignorant, fanatical pieces of shit shouldn't be glorified on television. Disgusting. #SemST",None
Very excited that the #SCOTUS ruled in favor of #MarriageEquaility   #LoveWins  #SemST,None
Humanist Canada stands by the US Supreme Court ruling in favor of marriage equality! #LoveWins #LoveIsLove #MarriageEquaility #SemST,None
#ColumbiaHonraaSriSri yet his own country #Bharat doesn't value @srisri 's contribution cos it is #SemST,None
"Didn't do what I came out to do today, but God always has a plan #trust #GodisGood #SemST",Against
If I get this one job in Charlotte I'll be good  #SemST,None
It looks like very soon homosexuality will only be illegal in Islamic states. #SemST,None
@irenesconcierge i doubt that. The other day two Libyan soldiers raped a guy in England while on a training mission. #SemST,None
"1 Holy Mary Mother of God, pray for us sinners now and at the hour of our death. Amen. #rosary #TeamJesus #SemST",Against
Thankful for another day of this awesome life God has given us :) #peace #thankful #goodFather #abundant #joy #life #goodness #SemST,Against
You stick in the postcode on where you want to go and God will set the SatNav onhow to get there @davegilpin  @HopeCity #Destiny #SemST,Against
"After all, is football a game or a religion? ~Howard Cosell #SemST",None
@GregAbbott_TX which god? Yours? not mine. oh wait i don't have one. #LoveWins #SemST,Favor
"From the fear of being suspected, deliver me, Jesus. #Catholic #SemST",Against
"Jesus Christ is the same yesterday, today & forever! He is the only constant! He's never failed anybody. #faithful #Friend #Father  #SemST",Against
All we need is to go back to our roots and get closer to nature.  #simplelife #liveeasy #foodforall #goslow #SemST,None
"Never give up, you beautiful fuckers. #Optimism #MotivationalDemotivational #SemST",None
Exodus 20:3-4 You shall have no other gods before Me. You shall not make for yourself an image in the form of anything. #SemST,Against
Mercy lifted me up from a broken road so that I may live with a greater purpose #SemST,Against
RT @IntrovertAngry: Too much #MinorityAppeasement in India. No room for #SemST,None
"@PatrickClare1 in Alberta, she could receive abstinence misinfo & shame in a public school and be forced to pray.  #abed not #SemST",Favor
"In the fear of the Lord there is strong confidence, And His children will have a place of refuge. Proverbs 14:26 #SemST",Against
Looks like I lost about ten followers yesterday. #lol #bye #LoveWins #SemST,None
You can't reason with crazy. You are crazy just for trying. Damn! I guess we are all crazy. #Humans #SemST,None
Remeber...the difference between stumbling blocks and stepping stones...is how you use them. #servantleader #leadership  #SemST,None
God is so good! All the praises go up to Him! #SemST,Against
How to be a Happy CAMPER? Competency Autonomy Mastery Purpose Engagement Relationships create well being/meaning #100AEUAssembly #SemST,None
"The Christian is not defined by the absence of sin, but by the presence of repentance. @Gospel_Project #gospel #SemST",Against
Nothing lies beyond the reach of prayer except that which lies outside the will of #God. ~Unknown #Quote #TeamJesus #SemST,Against
Take your #destiny out of the hands of people & place it in the hands of God. #SemST,Against
People keep asking if I'm going to be a vicar so much I'm scared it might actually happen  #christianvocations #theology #help #SemST,Against
Fallacies do not cease to be fallacies because they become fashions.  G.K. Chesterton #trends #fads #fashions #temporal #SemST,None
Religious leader's pay depends on convincing you that their pile of superstitions is actually true. #freethinker #SemST,Favor
It will never get old to hear when Christians lead others to ultimate love & hope! #disciples #share #gospel #JesusChangesEverything #SemST,Against
"I see more and more people each day question God's work and why he does things. If you believe, you shouldn't have any questions. #SemST",Against
"St. Philomena, invincible champion of chastity, pray for us. #Catholic #SemST",Against
This is the Day that The LORD has made. Let us rejoice and be glad in it!!!! #Sunday #SemST,Against
"If you look around you, there is much to be enraptured by. Be awake. #spirituality #SemST",Against
Keep the faith. The most amazing things in life tend to happen right at the moment you're about to give up hope. #SemST,Against
@terrybrown5367 Except for (possibly) Craig Stephen Hicks. #ChapelHillShooting #SemST,None
"God didn't call us to change people, that's His job. He called us to share the gospel. #SemST",Against
"God is faithful, his gospel is powerful, and the Spirit is transforming. #church #Sunday #SemST",Against
They were all filled with the Holy Spirit and began to speak in foreign tongues as the Holy Spirit prompted them to speak #SemST,Against
I'm not reading that mother fucking book because a human wrote it! #religiousfreedom #Humanslie #SemST,Favor
@AmyMek The establishment clause sets our country apart and prevents the radical religious zealots from taking charge.  Respect it #SemST,Favor
@moealqadi Why #buddhism works! We except ALL as they R. No judgement Mexican-American #socialjustice #worldpeace #happy #freedom #SemST,Against
It was a lot of fun hearing @SethAndrewsTTA talk about his new book #SacredCows. @ThinkingAtheist #GodlessGala #SemST,Favor
Shout It From The Mountain Tops. Scream Out His Name In Praise.  You Don't Have To Be A Christian Or Go To Church To Worship #SemST,Against
RT @Letha_Hughes: A belief in a cruel god makes a cruel man. ~ Thomas Paine  #Christianity #Islam #SacrilegeSu... #SemST,Favor
@LavenderPurpleG an hour? You need to buy better weed @l1ght3n #weed #SemST,None
"Happy Sun's day my friends. if any of you find god, sit down,breathe deeply and count to 10,you're having a delusion,it'll pass. #SemST",Favor
Proud of how many multi colour profile pictures I have been seeing on social media over past 3 days. Awesome view:) #LGBTRights #SemST,None
I am against religion because it teaches us to be satisfied with not understanding the world. - @RichardDawkins #SemST,Favor
"Verily, verily, I say unto you, The servant is not greater than his lord...  John 13:16 KJV   #LordOfLords  #KingOfKings #SemST",Against
A pair of hands working 2gether is far better than a thousand hands clasped in prayers..!! #FreedomFromReligion #SemST,Favor
"Oh Jesus, We write songs to praise you.#Songwriters #wewrite #Songs #Praiseyou #SemST",Against
Religion is the recognition of all our duties as divine commands. ~Immanuel Kant #SemST,Against
"No prayer is useless, wasted, or unheard! #powerofprayer #SemST",Against
Good morning. Praise the LORD; For His mercy endures FOREVER!!! #Repent #USA #JesusIsLord #Hallelujah #PraisetheLord #homosexuality #SemST,Against
"We think the message will offend people, but we must tell the #truth of God's word, it has the #power to change lives. #SemST",Against
I like how I'm banned from the FFAF(Freedom from Atheism Foundation) on Facebook. I guess I was too harsh in my comments.. #SemST,Against
Thoughts go out to family who have lose someone in Tunisia shooting . So glad they shot him down on the spot! #terrorist #Tunisia #SemST,None
"Happy #SundayFunday, Mortals! #LoveWins & @GovMikeHuckabee loses. Honestly? #ICouldUseALittleMoreCowbell!  #FSM #atheists #SemST",Favor
74 aspiring #warriors joined us for a chat on morals. The #SCOTUSMarriage decision featured heavily in this topic. #LoveWins #SemST,None
"On balance, religion does more harm than good.   #freethinker #SemST",Favor
You'd be blind not to see that this amazing moment in time is not being celebrated by religious zealots. #LoveWins #SemST,Favor
"Moral landscape of this age = 7 billion reflections, 7 billion personal ideas, 7 billion pleasures & 7 billion comforts. #Bankrupt #SemST",None
"Before any African American goes to church, they should realize that their make believe god supported their slavery.  #SemST",Favor
"Before going to church, African Americans should realize that their make believe god supported slavery.  #confed2015 #SemST",Favor
Take hold of your Authority in Christ! Take back what the enemy has stolen! #authority #Life #Calling #SemST,Against
"#Lord Jesus, You are altogether lovely! O Lord #Jesus, You are altogether lovely! -LifeAndBuildingAsPortrayedInTheSongOfSongs  #SemST",Against
saw @ChemBros at the Essential Festival in Brighton too #khole #SemST,None
Growing up watching David Attenborough is part of the reason I feel the way I do about our planet and my despising of religion. #SemST,Favor
I hate it when I try to create something new and get shut down by something old. #SyFy #creative #LIFE #SemST,None
Religion is like a booger on the face of the earth. Atheists have the tissues.  #church #god #pray #SemST,Favor
"I will not lack favor for my life, for with favor the Lord will surround me as a shield -Ps. 5:12 #SemST",Against
"#U2ieTour Wish the lads would've matured past Christianity, like I did. But I got a science education. They didn't. SoTheyR stuck. #SemST",Favor
"Light is not called into Light, its called into Darkness! Why fear if Christ is leading you? #chicago #newyork #miami #SemST",Against
@_kissmysassyass and you don't support equality because of a myth... something has got you ALL messed up.  #SemST,None
"@AbbsWinston @charlesfrith Religion its all bloody man made & causes mankind to be so hateful & to control each other, give us #SemST",Favor
"We love not by finding a perfect person, but by learning to see an imperfect person perfectly. #love #SemST",None
Blessed is he who comes in the name of the LORD. From the house of the LORD we bless you. Psalm 118:26 #SemST,Against
"BIBLE EXPO! here at  TRUTHCASTER,COM  Please come. Thanks! #Bible #Expo #Truths #SemST",Against
The dominance of #Islam becomes evident when a smartphone types #Ramayana as #Ramadan. Allah hu Akbar! #SemST,Against
Daily time in God's Word yields lasting freedom. #assurance #SemST,Against
@HijabiSmile @NAInfidels @captains_pick @Pinchey1964 Both are utterly stupid and useless anyway. #liberalism #democracy #SemST,None
"@SWiSS is proud to announce @ShelleySegal will be guest of honor at this year's Halloween party, and Hunger Task Force food drive. #SemST",None
"@narrowwaychurch if u discriminate based on ur religion, be ready to be discriminated against for having that religion. @pookstahr #SemST",Favor
"RT @MarlaMcCarthy: If you know that God's hand is in everything, you can leave everything in God's hand. Rest in Him. #peace #rest #SemST",Against
Jesus Performed great miracles Some people still could not believe Him. Because they did not believe Him They had no faith Belief is #SemST,Against
Shivaji Maharaj had 700 pathans. 35% muslim soldiers. Two muslim bodyguards. Stop glorifying him as anti muslim u idiot Bhakts!! #SemST,None
so dumb that politicians in the U.S. are obligated to sprinkle in religious language when talking to constituents  #SemST,Favor
Peace I leave with you; my peace I give to you. | John 14:27a | #SemST,Against
Faithful He has been. Faithful He will be. #SemST,Against
"Just for today, help me, God, to remember You. Let this be a good day, God, full of joy and love. Amen. #God #SemST",Against
The enemy will not be threatened by your faith until you decide to live by it. #SemST,Against
"I took my troubles to the Lord: I cried out to him, and he answered my prayer. Psalm 120:1 #signposts #powerofprayer #SemST",Against
"2/2 If you have adequate numbers, pls consider estab. volunteer fire pickets #WhoIsBurningBlackChurches #SemST",None
(it's just a night watcheasy to set up. staggered pickets (google it) work best)  #WhoIsBurningBlackChurches #SemST,None
You have to believe that #God is in control. That means there is no need to be stressed out and worried. #SemST,Against
Both gods and religion where made up by some folks in antiquity to help explain things.  #freethinker #SemST,Favor
"1 Corinthians 13:13 ""So now faith, hope, and love abide, these three;  but the greatest of these is love."" #God #Love #Hope #Bible #SemST",Against
"The god named ""God"" is really just another god.  #freethinker #SemST",Favor
"It is our choices that show who we truly are, far more than our abilities. - Albus Dumbledore, Harry Potter  #humanist #SemST",None
Any sane person who advocates positive change in the world would be against religion. It's easy to see the damage it does. #SemST,Favor
Thou shalt not boil a kid in its mother's milkExodus23:19  Thank god I'm an atheist! #FUNDAMENTIA #BibleVerses #god #christianity #SemST,Favor
"Because He has inclined His ear to me, therefore I will call upon Him as long as I live Ps 116:2 #SemST",Against
#WhatIKnowAboutIslam helped me 2 find The Truth in other religions #Christianity #Buddhism #Judaism & in #SemST,Against
@antgerrard86 it is. faith means believing in something without evidence and with that you can justify anything. #scary #SemST,Favor
1 Cor 15:58 ...stand firm...Always give yourselves fully to the work of the #Lord...your labor in the Lord is not in vain > #God #SemST,Against
Happiness is the pursuit of life and liberty. #TheLUPOL #theism #futurism #SemST,Favor
"@raosahab everybody knows this, except #Presstitutes and #SemST",None
RT @prayerbullets: The man of God is humble in spirit; he retains honor -Prov. 29:23 #SemST,Against
"Restore to me the joy of your salvation and grant me a willing spirit, to sustain me. (Psalm 51:12 NIV) #WordOfLife #SemST",Against
"How did the crucifixion of #Christ lead the world to #salvation, when the only thing it started was the #DarkAges? #skepticism #SemST",Favor
"Catholics should be proud of the 4 God-fearing, Bible believing justices that defended the Faith and our Nation. #SCOTUS #tcot #SemST",Against
I just fucked what could have been George Michael circa 1989. #flashbackfuck #SemST,None
"God blessed you with 100 dollars? AIDS and Ebola are ripping through kids in Africa, but yo black ass can pay your cable bill. GAWD #SemST",None
"RT @prayerbullets: Lord, let me prosper like Abraham -Gen. 24:35 #SemST",Against
Weeping may endure for a night but JOY comes in the morning. You may be going through a midnight hour-but morning is coming! #God #SemST,Against
"To judge if something is humane, ask yourself how you'd feel if it were happening to you. #beagoodfuckingperson #SemST",None
its gonna be worth it. its gonna work out. #SemST,None
Don't wait. The time will never be just right. #thoughtoftheday #JUSTDOIT #SemST,None
"Religion lies on a collective apophenia, but you need certain conditions to keep it on and those are disappearing #SemST",Favor
"Religion causes an arrested social development, which stopped having any sense centuries ago #SemST",Favor
"You: yes, you. You are a beautiful mammal. The world is better with you around. #UniversalLoveAndAlsoTacos #SemST",None
"For the sake of Your name, O LORD, revive me. In Your righteousness bring my soul out of trouble Ps 143:11 #revival #SemST",Against
God rejoices when we manifest a faith that holds Him to His Word. - Smith Wigglesworth Devotional #SemST,Against
Hallelujah! You have overcome! You have overcome! Jesus has overcome the world! @DarleneZschech had 'Victor' in my heart all day!  #SemST,Against
"Angels of God pray for us, direct our steps, and protect us from all evil as we strive to do God's will in our daily lives. #SemST",Against
"Take away hatred from some people, and you have men without faith. ~Eric Hoffer #SemST",Against
"Jesus is worth whatever you have to go through. Even when it seems as if you're by yourself, you're not alone. Be encouraged. #SemST",Against
True faith is belief in the reality of absolute values. ~ William Ralph Inge #SemST,Against
Pain and setbacks are a part of life. Stay in faith. Don't put a question mark where #God put a period.  #SemST,Against
RT @prayerbullets: Jesus is my peace. #SemST,Against
RT @prayerbullets: I will not allow the enemy to abort any plan of God for my life. #SemST,Against
@JerryBrownGov #ShameOnYou for putting politicians and physicians above #ParentalRights and #SB277 #SemST,Against
"Lord, You are my Hope! In You I will always trust. #SemST",Against
"@TIME You forgot, ""Release yourself from the binds of historical fiction. #SemST",Against
I have a dream ! The end of religion  #AP666 #AtheistRollCall #TeamAtheist #freethinker #freedom #SemST,Against
Two hands working can do more than a thousand clasped in prayer. - Madalyn Murray O'Hair #SemST,Against
Any man-made ideology will always be flawed due to Man's limitations and biases. #MuslimsSalvageYourselves #SemST,Against
DID YOU KNOW: The 2nd Amendment is in place 'cause politicians ignore the #CONSTITUTION. #PJNET #SOT #tcot #bcot #ccot #2ndAmendment #SemST,Against
Faith is being in the impossibilities that we don't believe will happen #SemST,Against
"@AnitaLea1 Amen, and Amen. #Hallelujah , to the Lamb of God; For He is worthy to be praised!!! #PraisetheLord #Christians #Church #US #SemST",Against
Bigoted much? Rt>@RockyMtsunshine no doubt you were there in your pink tights and matching feathers and saw the whole non-thing? #SemST,Against
Anyone can feel the ache You think it's more than you can take  But you're stronger than you know  #SemST,Against
These sentences are postcards to future versions of ourselves. Say hello. #spirituality #SemST,Against
Will you fail an already win?...just to call it quits on God?! Believe he will and he can! #SemST,Against
@drjohnstl good to know. I disagree with spirituality asit takes away frm realizing the human condition. We must focus on reality. #SemST,Against
"Don't be fooled, the prayers of the wicked are useless. #User #SemST",Against
RT @Behold_TheLamb: There is nothing to worry about if you have trusted Jesus Christ alone as your Savior for your sins. #FriendOfSi... #SemST,Against
"RT @Paula_White: If you can see the invisible, you can do the impossible. #SeeTheGrapes #SemST",Against
@leedanielsent come on I'm waiting for you to discover me #suppertalented #dreamer #golds #EmpireFOX #Humble #motivation  #SemST,Against
"Mathew 8:3 ""Jesus reached out his hand and touched the [leper]."" Are you willing to #love the unlovable? #christ #SemST",Against
My bible study started Mercy Triumphs by @BethMooreLPM tonight- have a feeling the next 7 weeks will be amazing. #brothers #believers #SemST,Against
@JAHservant9 All are Sinners that's why we need a savior #SemST,Against
"As you follow Me, I lead you along paths of newness: ways you have never imagined. - @Jesus_Calling  #SemST",Against
I take of the water of life freely -Rev. 22:17 #SemST,Against
I hope no one is hurt. #WhoIsBurningBlackChurches #EndRacism #LoveWins #SemST,Against
I break curses of death spoken against America by people from other nations in the name of Jesus. #SemST,Against
Fill your church with holy fascination for the man Christ Jesus. He is what we need. #worthy #onething #magnificent #obsession #SemST,Against
@zManoj @SanghParivarOrg when some schools were served soya beans and milk in some of the schools instead of egg there was outrage #SemST,Against
What credit rating would you give a debtor who won't pay back unless you are dead? #SemST,Against
But I am like a green olive tree in the house of God; I will trust in the mercy of God forever and ever -Ps. 52:8 #SemST,Against
"#AskBobby If you were president, would you institute the Christian version of Sharia Law?  #SemST",Against
@alomshaha @BHAhumanists will be there with a few friends. Looking forward to it. #SemST,Against
"You can have everything in this life, but as long as you are not pleasing #God, there will always be a void in your heart. #SemST",Against
"Meanwhile,  whilst others attempted to distract me, I continued on with my quest.  I succeeded.   #AntiSatan #AntiBibles #SemST",Against
You have got to make up in your mind that you are going to trust God to guide you no matter what it looks like. He will do it! #SemST,Against
#ChristianPrivilege is knowing that only your prayer will be promoted in #abed public #schools like #taber #glendon #ftsask #SemST,Against
@bdutt @lalitkmodi @mohdasim1  ohh .so i think why r u seculr ... nice friend #SemST,Against
"Instead of : ""Let's have a quick word of prayer before we start."" Try: ""Let's be quick to pray before we start."" #undefeated #fca #SemST",Against
"I pray for a hedge of protection around my mind, body, finances, possessions, and family in the name of Jesus. #SemST",Against
"When we spend time in God's presence, the burdens we carry are transferred from our shoulders to more capable ones--His. #SemST",Against
"The most important thing in this world with me, more important than my family, is pleasing God. His test produce undeniable faith. #SemST",Against
"@ktumulty The same reasons people believe in the Bible, Koran, Talmud, etc. Ignorance. Lack of education. Poverty of intelligence. #SemST",Against
The BHA conference in Bristol was a great success with 470 members in attendance #BHA2015 #SemST,Against
It was great to meet the staff from @BHAhumanists to better understand their roles and how they can help local groups #BHA2015 #SemST,Against
@DrAliceRoberts was awarded Humanist of the Year at the gala dinner and she even signed her book for us #BHA2015 #SemST,Against
We look forward to Birmingham in 2016! #BHA2015 #BHA2016 #SemST,Against
"@jeff_hollander Bless Almighty God, Almighty Holy Spirit and the Messiah. #SemST",Against
@Brasilmagic Ignorance does that to people. Gotta love them so they can learn to love AS WELL. #EndRacism #LoveYourNeighbor #Peace #SemST,Against
@nytopinion I hope they begin to face reality. There's no God. Loving eo unconditionally is what matters. #WakeUpAmerica #Peace #SemST,Against
"Maher is  a comedian and nothing more. And unfortunately, he's not that good of a comedian. #islam #SemST",Against
Reason 847 I don't believe in God: attacked by a waterbug.*shudders* #SemST,Against
You will never control yourself until you confront self as a problem.-Pastor Merritt #Christian #Church #SemST,Against
"Humble yourselves therefore under the mighty hand of #God, that he may exalt you in due time.  (1 Peter 5:6 KJV) #HolyBible #SemST",Against
Secularism. . .secularism. I'm just gonna say this one more time. Secularism. Learn it. #religiousfreedom #freedomfromreligion #SemST,Against
"Hand on my heart, this much is true, there's NO life apart from you. #LayMeDown #SemST",Against
I could never take the idea of religion very seriously. ~Joyce Carol Oates #SemST,Against
"RT @Greatest__Minds: ""Faith activates God - Fear activates the Enemy."" ~ Joel Osteen #quotes #SemST",Against
Our Father who art in heaven hallowed be Thy name. Thy kingdom come. Thy will be done on earth as it is in heaven #rosary #teamjesus #SemST,Against
"Seek the whole, genuine truth. Listen to wisdom when He speaks. Catch His heart beat and abide as well as reside in Him.  #SemST",Against
Prayer is a gift. Trusting and walking in it is a blessing. #Yeshua #GetToKnowHim #RelationshipIsKey #KeepWalkingByFaith #SemST,Against
@ambedkarperiyar @ndtv @BDUTT  I have a problem with everyone who is sensationalising news! Crazy how people have forgotten #SemST,Against
"Atheists don't believe in Satan either, so all you Satanists out there, put the sacrifice down and go have a beer! #beer #SemST",Against
Interestingly burning your wife alive suspecting her chastity is a great justice Ram style. @RamaY_BRF @madhukishwar @authoramish #SemST,Against
"It's not the donkey or the elephant, it's the Lamb! Only the Lamb that was slain and resurrected can save America. Behold the Lamb! #SemST",Against
"you're doing the work of ending domination."" (Bell Hooks) (2/2) #feminism  #civilrights #SemST",Against
"Today you and I have no idea what we will be facing, but #God does and, in Christ, has already supplied everything we need. #SemST",Against
"We used to be intrigued by gods and angels, nowadays everybody is working in the cloud... #SemST",Against
"One day it'll all make sense, but for now just trust God and let Him lead you. #SemST",Against
"@AJEnglish and, who left real #spiritual and #material #devastation of the countries where is grafted,and installed. #Ummah,#Hadith #SemST",Against
"If you are in need of prayer or encouragement, please call my 24/7 prayerline at 772-324-9040. #God bless you! #PrayerChangesThings #SemST",Against
"This is #America, so no you cannot make laws based on your #religion. #SemST",Against
"Personally, I know many Christians who are #agnostic - John Simms #spirituality #stlouis #truth #reality #SemST",Against
Being a Humanist means trying to behave decently without expectation of rewards or punishment after you are dead. ~ Kurt Vonnegut  #SemST,Against
"dear @asadowaisi if you real issue with Maha Govt decision , go to court and let them decide. #SemST",Against
"dear @asadowaisi if you r really concerned with Maha Govt decision, go to court and let them decide. #SemST",Against
@karaikudy @Sai_swaroopa May be @RanaAyyub is suggesting to @narendramodi that the best way 2 fight #Lalitgate is to advocate #SemST,Against
Its #gamenight w @BostonOasis @HughONeillsPub n Malden 2night @ 730 @geekswhodrink #freethought #humanist #none #Community #SemST,Against
":) May Your Heart Be Firmly Fixed, Trusting The LORD...  He Shall Not Falter, He Cannot Fail... May His Breath Guide Your Sail...  #SemST",Against
 Believe in God at your worst moments    #God #here #always #trust #SemST,Against
"I believe that too often religious people do good for the same reasons non-religious do, but they give undo credit to their faith. #SemST",Against
"I will not allow the enemy to control my appetite, but I yield my appetite to the control of the Holy Spirit. #SemST",Against
Secularism = The only sure way to prevent the nightmare of a religious boot stamping on the human face - forever. #Freedom = #SemST,Favor
"You can hate me or you can love me but in the end of the day, only #God can judge me. #Love #SemST",Against
Yes Islam is the mother load of bad ideas!  Christianity is not far behind!  #athiest #SemST,Favor
Sometimes when things fall apart... that is the big opportunity to change- @AniPemaChodron #consciousness #awareness #SemST,None
Just listened to the most inspirational speech from Bonya Ahmed. #BHSVoltaire #intellectualthursday #FightThePower #SemST,None
I receive Your lovingkindness every morning -Ps. 143:8 #SemST,Against
My connection to #God allows me to create all the good in my live. #SemST,Against
Be still. Be patient. Watch and let God work. #SemST,Against
Do you feel your ancient roots? Look around you. Everything is our brother and sister. #spirituality #SemST,Against
Serious question for my atheist libertarians: How can rights exist without God? #ChristianLibertarian #SemST,Against
Getting good at biting my tongue with my totally brainwashed 'Xtian family. It can be so tiring & very annoying at times. #SemST,Favor
I bind and rebuke the angel of light in the name of Jesus -2 Cor. 11:14 #SemST,Against
"Tomorrow is promised to no one, so cherish the people #God has placed in your life today! #SemST",Against
"Give us this day our daily bread, and forgive us our sins as we forgive those who sin against us. #rosary #God #teamjesus #SemST",Against
Religions are proud when there isn't evidence for one of their made-up stories.  #freethinker #SemST,Favor
There's this guy I know who hangs out with all the wrong people. It's like he doesn't care about his reputation. #SemST,None
"Enough w/living off outdated guidelines, suppression, and insecurities. We're capable of making well informed decisions #SemST",None
"It is folly to deny the religious impulse. Just consider Marxism's reliance on its prophet, holy book & promise of future heaven #SemST",Against
"You'd think, after 2,000 years, I would have found at least one person I'd want to tell some things to. But nope.   ~#God   #SemST",Against
Impressed with the nice Tunisians. Not impressed with religion; a major cause of so much heartache & death. #remembertunisia #SemST,Favor
It doesn't matter where you're going -but it does matter- who you are becoming #priorities #process #SemST,None
"#Ibrahim Orders Not to Play #Suprabatha Loud #KukkeSubramanya Temple, how come he has not ordered any mosques keep thr rant Quite!! #SemST",None
The greatest act of faith some days is to simply get up and face another day. #SemST,Against
"Romans 15:1 We who are powerful need to be patient with the weakness of those who don't have power, and not please ourselves. CEB  #SemST",Against
I'm #SingleBecause MOST of you mortals are some high maintenance whiny ass little bitches! #EarthShatteringMicDrop #FSM #SemST,None
Happy 4th of July weekend! Remember justice and liberty for all. Less tribal and more inclusive! #4thofJuly #actorslife #america #SemST,None
#GOSPELBEAT RT TheKurtCarr: There's NOBODY like our God! He's the GREATEST Power! #SemST,Against
"If children weren't religiously indoctrinated before reaching the age of reason, we'd be living in a completely different world #SemST",Against
"We are what we are. Nothing more, nothing less. #spirituality #SemST",Against
"Can I tell you a secret? I know who God is and how much He loves us. I love Him, too and just told the world about Him. He is love! #SemST",Against
Be Amazed.....a real unicorns among us #narwhals #SemST,Against
"#4thJuly 1776 saw independence from the oppression of England. On #July4th 2015, free yourself from the oppression of #religion! #SemST",Against
"Thy kingdom come! Thy will be done on earth, as it is in heaven. Matthew 6:10 #ComeQuickly #SemST",Against
"@aamir_khan says in #PK tht fasting in the name of God is a superstition, but he is fasting during Ramadan and is in Mecca. #SemST",Against
"AtheistQ ""Men never commit evil so fully and joyfully as when they do it for religious convictions.  -Blaise Pascal #SemST",Against
