text,label
RT @GunnJessica: Because I want young American women to be able to be proud of the 1st woman president #SemST,Favor
@Chris_1791 @newsbusters 2 years ago #Hillary never answered whether she used private email #Liberal media passed on reporting #SemST,Against
"@dnewhauser take that, Marco Rubio. @GOP cannot pander to the Latino vote while pushing policies that hurt the community most. #SemST",None
@StateDept @AmbCathyRussell @AdamSmith_USA @HillaryClinton @HillaryforIA @BarackObama The whole #world is supporting you. #SemST,Favor
Lets remember #dickcheney is an unindicted war criminal b4 we start yelling #Benghazi day after day. Will we ever see justice? #SemST,None
"Although I certainly have disagreements, after reading about @GovernorOMalley I much rather have him than @HillaryClinton. #SemST",Against
Human rights are women's rights and women's rights are human rights. - Hillary Clinton #SemST,Favor
"Would you wanna be in a long term relationship with some bitch that hides her emails, & lies to your face? Then #Dontvote #SemST",Against
Bill Clinton just wants to be the first dude to be President and bang one. #SemST,None
@HuffPostPol If @HillaryClinton can do half of what he did then she would be doing is a favor #SemST,Favor
"I've made my decision, to the shock of no one probably, who I'm supporting  #SemST",None
"Didn't realize Bob Dole was mentioned in Tupac's ""How do u want it"" #YesterdaysLeaders #SemST",None
If I run for office this will be my original logo:          M   #libertynothillary  #HillNo #tcot #UniteBlue #SemST,Against
I will be there when your little tree has run out of smell. #ThatChampion #SemST,None
crazy to think next up for the Oval Office is either going to be Hillary or a Republican #SemST,Against
@NACLA @BrasilWire SOS OBAMA Who?? @BarackObama ?? :-))))  Are you joking? #StopDilma #StopLula #StopForodeSaoPaulo #SemST,None
@CheekyGent @ChuckCJohnson Hey Hillary is on her to way to buy votes too! #HillarySoOld #SemST,Against
"RT @NicolaSturgeon: ""It's official: Hillary's running for president,"" says her campaign chief. Excellent! #SemST",Favor
"Only in a SEXIST AS FUK world would we question the ""qualifications"" of a former SECRETARY OF STATE. #SemST",Favor
@ChrisChristie couldn't run his way out of a paper bag let alone beat #HillaryClinton. Go home Chris u r drunk. #ChrisChristie #SemST,Favor
"@ReformedBroker ""to da honies gittin money playing #bleep words like dummies"" #POPPA #SemST",None
Forgive #CherylRios of her stupid comments about women being president. She will blame it on that time of the month anyways. #SemST,None
Low key it would be interesting to have a female president. #SemST,Favor
"@seanhannity we lost 4,000 of our Military boys when your President pulled out of Iraq.  #LiberalConsequences  #SemST",Against
.@EthanObama I know - it's just going to be a long year! #SemST,None
"Technically, a president with raging hormones could refer to estrogen, testosterone or anabolic steroids #IBlamePublicSchools #SemST",Against
Does Hillary really need to run this country? Could we just make her president of the Bingo club at Shady Pines?  #tcot #p2 #SemST,Against
Lol why do so many people around here hate Hillary?  #SemST,Favor
"@HillaryClinton is at the top, and has spent her whole career growing government, keeping the deck stacked. #LibertyNotHillary #SemST",Against
"Problem with #libertarian is it's not even a decreed party. A house devided against itself, will not stand. think this news to #SemST",None
@HillaryClinton i am portuguese and i support your campaign! Best luck! The world need a person and a women like you! #USA #SemST,Favor
Hillary Clinton for Ambassador to ISIS. #SemST,Against
"So when all you brave patriots stop Hillary, who you going to replace her with, Jeb Bush? LOL. #losers #SemST",Favor
I'm a woman. Can I be President? @StopHillaryPAC #SemST,Against
This is not her first time at the rodeo!  @HillaryClinton doesn't care who likes her or not This woman is on a mission #Tough #SemST,Favor
@lajouetreine @KarrattiPaul I'm not a Genitalian #SemST,None
Wondering what the NEXT idiotic GOP smear against @HillaryClinton will be. It's coming for sure. Just don't know details yet. #SemST,Favor
Hillary is killing it so far on the trail. She's finally showing her personal side and I think it will benefit her profoundly. #SemST,Favor
Do we call Bill Mr President...the first 1st man of Or mr president the 1st man? Lol #imreadyforhillary #SemST,Favor
.@gailtalk @trscoop Of course it was. She'll be handled every step of the way. They can't risk her unscripted. #SemST,Against
I just want my dog to stop eating the trash #SemST,None
@thehill @evanperez are you kidding me...leave her to focus on issues...the next prez #SemST,Favor
Congratulations @HillaryClinton on entering the 2016 race for President! You have the support of Jews all over the world! #SemST,Favor
"@HillaryClinton had more twitter followers then all four major Republican candidates (Bush, Rubio, Paul, Cruz) COMBINED. #SemST",Favor
#HillaryClinton has yet to release @ClintonFdn donors... Public deserves disclosure. #Scandals #lies #Clintons #SemST,Against
I want to go back in time to when men and women couldn't appear in the same yearbook as each other #old school #SemST,None
RT @hale_razor:#HillaryAccomplishments 1 of select few people fired 4 being 2 unethical 2 investigate Watergate #SemST,Against
How can she live with herself? #Benghazi #SemST,Against
Marriage equality a constitutional right! Woot #HRC2016 #hillaryclinton #readyforhillary #vote #hillaryfor2016 ##mpotus #SemST,Favor
Hillary needs to go to a Sheetz gas station after 10 pm to see the real America. #SemST,Against
Hillary's campaign events are scripted dog & pony shows designed to shelter her from vetting b4 the coronation #SemST,Against
"Yes, do tell US, name one of her accomplishments #SemST",Against
"Apparently, putting cocaine in someone's butthole and then waiting for them to fart in your face is the wrong way to get high. #SemST",None
Why is Hillary lying AGAIN about something news worthy? What's news worthy is if she doesn't lie about something #SemST,Against
Chipotle employees shouldn't complain Hillary left nothing in the tip jar. They're lucky she didn't dip in and help herself #SemST,Against
"@Bluesaloon Women are not a demographic, we are at least 50% of the nation. So a woman is no more symbolic than a man #SemST",None
Sending u gay bear love from Chicago @HillaryClinton #HillaryMyPresident #SemST,Favor
I love the smell of Hillary in the morning. It smells like Republican Victory. #TedCruz2016 #MarcoRubio #SemST,Against
@ProBirdRights: I do a stump speech. It on the stump in the park. attendance mandatory. #SemST,None
I'd still rather have Aaron Hernandez as President than Hillary.  #SemST,Against
@JSavoly @tedcruz Here ya go teddy boy..the world is getting HOTTER!! It's called GLOBAL WARMING!!  You're such a PUTZ!! #SemST,None
@JusticeWillett at least he has a platform #SemST,None
"Because I'm against common core, common crooks and common lies! #NoHillary2016 #StopHillaryClinton2016 #WhyImNotVotingForHillary #SemST",Against
I would LMAO if some negro Democrat decides to run for President. #HillaryClinton2016 #HillarysBigAnnouncement #HillarysDonors #SemST,Against
"@senna1 @KirillWasHere how many men are getting their dicks sucked daily in congress, etc and no one gives a shit... #SemST",None
"You can't grow an economy from the bottom up. If she gets in, we're ALL in trouble #SemST",Against
@HillaryClinton Stop raising taxes and let people keep more of their wages! #LibertyNotHillary #StandWithRand #SemST,Against
"@theblaze If you think Hillary isn't taking foreign money from Muslim brotherhood, you probably favor Obama as chief justice #SemST",Against
"3. Fixing America's political system by getting rid of ""unaccountable"" money, and 4. Protecting the country. #SemST",None
marijuana? marijuaage equality?? coincidence i think nOT!!11! #SemST,None
@KoriWasinger @JButtawipo she also voted for the Iraq war and was responsible for gathering @TheDemocrats votes to support it. #SemST,Against
Ding Dong ____ _____ __ ____ #SemST,None
RT @MaxTollensJr: One-percenter lied about being #DeadBroke No more lies. NO to #SemST,None
@SLessard 100% agree. We need a woman like Hillary that can help this country get nursed back together! #SemST,Favor
Much like you good people I forgot about my #livetweetingbladerunner a couple weeks ago #callback #potroast #cartography #blue #SemST,None
@RandPaul @HillaryClinton you could never dream to be as intelligent as she is #SemST,Favor
"If Hillary will lock Americans in classrooms during her campaign, she'll have no problems locking us all up whenever she wants. #SemST",Against
"#WhyImNotVotingForHillary she calls education a ""non-family enterprise"" #ImCommitted2DefeatHillary Are you? #ncpol @GOP #SemST",Against
"@bristola48 @AlciniaH @Mahogany1992 @stphil @MzDivah67 @Progress4Ohio @graceslick77 @AuntLulie @deejayedee He cool, but NO #SemST",None
@Jeff_Nichols_82 @HillaryforIA #freedom_justice_equality_education for innovation and development to make #happy_life in Utopia #SemST,Favor
@WhiteHouse @BarackObama @HillaryforIA @BarackObama The whole #world is supporting you. #SemST,Favor
@HillaryClinton Especially the paid union lackies who have no idea why their there. Propaganda machine spinning overtime. #SemST,Against
@HillaryClinton The deceit hand? Thats a hand you know well. Right? #SemST,Against
@AlyssSmithh There she is pant suite Hillary to hide those thighs #HillarysDonors #HillarysBigAnnouncement #Benghazi #Obama #SemST,Against
@HillaryClinton will pick @SenWarren for VP -Mark my tweet. #UnstoppableTicket #ElizabethWarren #SemST,Favor
I'm going to apply for the Intern job #SemST,None
@TX_1 @politicalmath Then you know how slippery snakes slither over shards of glass! #SemST,None
@46drhouse - Be interesting to see how Hillary defends same when questioned.  She will eventually have to answer questions. #SemST,Against
.@HillaryClinton What's the ambient temperature in #Hell today? Use that as a guide!  #SemST,Against
"Gov. Chafee, why are you trying to make fetch happen. It's not going to happen. #SemST",None
#everydaysexism Only > @ATikSalt < may say what sexism is. The rest of y'all shut up. #SemST,None
"@tjhansen @owillis serious, if trump runs you'll get a trump tattoo? Calling the Donald!! #SemST",None
"Everything abt @HillaryClinton is BOGUS. Her issues, her history, her #Iowa trip, her #Twitter followers, her campaigning #SemST",Against
#hillaryclinton is a champion of data removal. #SemST,Against
@FoundersGirl @Artist_Angie I want the first female to be competent. #SemST,Against
"Saudi Arabia imprisons & flogs rape victims. ""Women's champion"" @HillaryClinton has accepted MILLIONS $$$ from Saudi govt #tcot #SemST",Against
How much was Monica getting paid when Bill's burrito squirted sauce all over her pretty blue dress? @MauraReynolds @politico #SemST,Against
Go watch America: Imagine A World Without Her. It'll make you realize how lucky we are to live in the best country on Earth #SemST,None
I suspect Hillary's Scooby Doo tour is being used as a distraction from ServerGate et al.  #NoObamaThirdTerm #SemST,Against
Breaking News: #Hillary trades campaign bus for a broomstick. #SemST,Against
"@SoCaliMilitia1 @CzarofFreedom  That God for global warming melting icebergs, never gets prosecuted for her crimes #Liberals #SemST",Against
"Nothing says ""I'm Every Woman"" like 10 Democrat staffers in a machine shop in #Iowa right @HillaryClinton? #NotReadyForHillary #SemST",Against
"I'd love for some reporter to ask, ""Sec Clinton, will u b returning the White House china, if elected? Or did u already hock it? #SemST",Against
Very simple: the Clinton's are corrupt. #SemST,Against
.@CaptYonah @thehill Fine; unethical or illegal quid pro quo uranium deal works for me. #SemST,None
@ConservatveGurl those of us that also have a brain will be voting against Hillary... #SemST,Against
@LifeNewsHQ tolerance at its best! Do as I say not as I do #SemST,None
"@Chris_1791 @TruthRevolt That doesn't leave much to talk about, then, does it? #SemST",None
I'm thinking #Hillary throws #Chelsea under the bus to end #Foundation firestorm.  #ClintonCash #TheGreaterGood #election2016 #SemST,Against
@FoxNews #HappeningNow optics problem? No the real Hillary Clinton has stood up #ClintonCash #IaVotes #SemST,Against
@HillaryClinton You can run but you ca't hide. #ClintonFoundationscandal #ClintonCash #emailgate #SemST,Against
"In case of Emergency, Push THIS BUTTON to scrub server..... #SemST",None
Great to see my mentor @RepSusanDavis at #DCinSD. And she's right we have the most qualified candidate ever running for POTUS. #SemST,Favor
@BarackObama #Love_peace and peaceful coexistence of all no to violence and #terrorism #SemST,None
@readyforHRC @HillaryClinton  Support encourage #HillaryClinton president #UnitedStates world is success of women in  world #SemST,Favor
I bet Leslie Knope would be so happy about #SemST,Favor
"Also the $400,000 ""speaking fees"" #Hillary took from Goldman Sachs for two ""speeches."" @Joan_Vennochi #SemST",Against
@readyforHRC   Support encourage #HillaryClinton president #UnitedStates world is success of women in  world #SemST,Favor
@NatureGuy101 @MaryMorientes   Support encourage #HillaryClinton president #UnitedStates world is success of women in  world #SemST,Favor
@rebeccalipson  #freedom_justice_equality_education for innovation and development to make #happy_life i Utopia #SemST,None
Before leaving my dad's I took the liberty in framing and put up the pictures he has meeting Hillary and Bill Clinton in '92 #SemST,Favor
#HillarysAccomplishments Being a total clusterfuck at anything she does. #ReadyForHillary #UniteBlue #TopProg #TPOT #LibCrib #SemST,Against
RT .@ChuckNellis  .@HillaryClinton name change; it's no longer HRC it's now Hillary Uranium #Benghazi Clinton. Take note. #SemST,Against
Hillary is on her way to #Baltimore to be their champion. #BaltimoreRiots #SemST,Favor
"take faith that almost every political entity around you, whether dissident or not, serves no good purpose #Dempublicans #SemST",Against
You don't have to be a lawyer to know the Clintons violated ethics rules. #SemST,Against
@Xxoax @HillaryClinton @MaryMorientes   @BarackObama The whole #world is supporting you. #SemST,Favor
@HillaryClinton #freedom_justice_equality_education for innovation and development to make #happy_life i Utopia #SemST,Favor
"So @ClintonFdn, I believe Andrew Fastow beat you to the ""we made mistakes, as many organizations of our size do"" excuse #SemST",Against
I'm 19 years old and care about politics and elections.... I feel like I'm 67 years old #SemST,None
@HillaryClinton I notice that you didn't condemn the lawless actions of the rioters. #SemST,Against
Obama:  climate change or bush?  Who to blame...?  Hillary:  right wing conspiracy in Baltimore. #BalitmoreRiots #SemST,Against
"Wasn't the original #ScoobyVan also full of unemployed hippies & a stupid dog, who lived to meddle in other people's business? #SemST",Against
"In 2013 Clinton Foundation collected $140M and spent $9M on direct aid, in 2014 they raised $500M and spent $100M on direct aid!  #SemST",Against
Students of #BaylorUniversity are y'all ready for #MarcoRubio in #2016 #BU #Baylor #Bears #BaylorBears #NewAmericanCentury #GOP #SemST,Against
@ChelseaClinton @HRC Do you stand for #BillClinton assaulting teen girls too? #ReadyForHillary #HillaryClinton #Clinton2016 #SemST,Against
Hey #TexasState #Bobcats I hope y'all are ready for #MarcoRubio #2016 #TexasStateUniversity #NewAmericanCentury #Texas #TCOT #SemST,None
"The only thing that I would pay money for is to hear Hillary Clinton say ""I QUIT and I'm GUILTY"" that would be worth millions. #SemST",Against
"Hillary Clinton keeps sending me emails, and when I try to unsubscribe, I get an error message. THIS IS CANCER #SemST",Against
@HillaryClinton @BarackObama The whole #world is supporting you. #SemST,Favor
"Denial. It works for Hillary, why not the Mayor of #Baltimore. #DemocratLiesMatter #SemST",Against
Join the Twitter movement! RT or fav for a mention or follow back! #SemST,None
"Wow RT ""@greta Baltimore Orioles to play tomorrow but no public allowed"" #BaltimoreRiots #FreddieGray #ThanksObama #WakeUpAmerica #SemST",None
Spoke to @HillaryClinton today in NYC. Wow! So smart and impressive!!! #SemST,Favor
@HillaryClinton Says the millionaire politician who accepts $$$ from countries that execute gays. #Hypocrite #WakeUpAmerica #SemST,Against
"#BernieSanders is running for president, don't the #democrats already have one really old guy running?? #SemST",Against
297 days until I can register to vote!!1 year 193 days until Election Day #RockTheVote #democrats #everyvotecounts #SemST,Favor
"THEYRE NOT ""THUGS""  YOU #TEAPARTY RACISTS THEY ARE ""COMMUNITY REORGANIZERS"" !! #TCOT #baltimoreriots #SemST",None
Hillary will get past the primaries cause Dem voters don't think she can do any wrong. But she will be beat in November #SemST,Against
@HillaryClinton loving the new colorful profile pic! #loveit #SemST,Favor
"@HillaryClinton Did your rich Saudi donors, who execute gays, join the team? #Hypocrite #WakeUpAmerica  #SemST",Against
"Also, I finally moved to @FDCITY today! Will be much easier to get around going forward! #moving #SemST",None
I think I am going to vote for Monica Lewinsky's Ex- boyfriends Wife #SemST,Favor
And the working american tax payer keeps on paying for the unethical liberals who want to destroy this great country of ours. #SemST,Against
Hillary Clinton vs. Bernie Sanders primary will be like the brawl over applesauce at the retirement home. #ReadyForHillary #SemST,Favor
Too many women in too many countries speak the same language Í¢‘„‘î of silence. HILLARY CLINTON #HillaryCliton #Hillary4Women #SemST,Favor
Too many women in too many countries speak the same language  of silence. HILLARY CLINTON #HillaryCliton #Hillary4Women #SemST,Favor
"Always aim high,work hard, & care deeply about what U believe in...when U stumble, keep faith. HILLARY CLINTON @Faith4Hillary #SemST",Favor
"It's time that we move from good words 2 good works, from sound bites 2 sound solutions HILLARY CLINTON #HillaryClinton #SemST",Favor
@TheDemocrats @DNCWomen I'm down to help for 2016 election. #SemST,Favor
How many poor kids could $2.5 billion feed? #SemST,None
@Norsu2 secret Clinton docs? gee WHAT a surprise! #SemST,Against
Too far @realDonaldTrump. That's just too fucking far. #BaltimoreUprising #Obama #SemST,None
Hillary Clinton makes Nixon look like an amateur schoolboy #ClintonCash #ClintonFoundation #Clinton #SemST,Against
@thehill #MamaHillary is making the case here & just exclusively how to deal with complex social issues. #cnn #bbc #Mamaclinton #SemST,Favor
".@GoldenTalon @johnmanko @CassandraRules  On the contrary, I am happy she will win. I enjoy seeing Liberal cities burn GO #SemST",Favor
Whoever is up now let it be known that support for #MarcoRubio never sleeps! We promote the #NewAmericanCentury 24/7 #Texas #TX #SemST,Against
@Slate This is why Rand Paul will never be POTUS. #BaltimoreUprising #SemST,None
"@_Poli_Ana_ No, she's got the #BlackLivesMatter vote w/o even talking to them.  Most blacks are brainwashed by @TheDemocrats #SemST",Against
If you're not watching @HillaryClinton's speech right now you're missing her drop tons of wisdom. #SemST,Favor
A proper introduction of Hillary Clinton should begin with five words: Will the defendant please rise #WhyImNotVotingForHillary #SemST,Against
YES! Community policing is answer to rebuilding trust in our communities between law enforcement and the people they serve. #SemST,None
Don't get it twisted. A major presidential candidate using her first policy speech to talk about mass incarcertaion. #SemST,Against
'Hillary-speak' campaign rhetoric is going to be the death of me. @jmarkwalk #SemST,Against
@HillaryClinton  A Rainbow logo? Did u know only 4% of the US is gay? (2010 Census). #WhyImNotVotingForHillary #SemST,Against
Saw a bit of @HillaryClinton 's speech & I was proud to hear her plans for policy improvements in our justice system. Thanks! #SemST,Favor
@Anomaly100 I'm confident that will piss off a few white Anglo-Saxon Protestants!  Keep talking Jeb. #SemST,None
@Upworthy @HillaryClinton It should be illegal for an employer to discriminate against their workers. #EqualityForAll #SemST,Favor
"A body-cam on every cop, private servers for Cabinet Secretaries. #SemST",None
@JohnKerry @BALWANIKAPIL @HillaryClinton @StateDept @tomperriello  I didn't realize #PayToPlayDiplomacy was such a big hit!  #SemST,Against
"@VRWCTexan WOW, she's one to talk #SemST",Against
RT @FutureTXLeader: Are y'all at #UTEP ready for #MarcoRubio in #2016 #Miners #LadyMiners #UniversityOfTexasElPaso #Rubio #New... #SemST,None
RT @FutureTXLeader: Are y'all #TexasTech #RedRaiders ready for #MarcoRubio in #2016 #TTU #TexasTechUniversity #Rubio #Texas #N... #SemST,Against
RT @FutureTXLeader: Who in #CorpusChristi is ready for #MarcoRubio in #2016 #Hooks #CC #Texas #TX #361 #KeepTexasRed #GOP #Tea... #SemST,Against
"I've been doing my reading and I do have to to say, I'm wildly impressed by Hillary Clinton #SemST",Favor
"@zacharyebell Thank you 4the follow. God bless you and those you love! God bless America, may she always be the land of the free! #SemST",None
@BarackObama thanks for selling out all the workers who voted for you for pushing FastTrack #sellout #SemST,None
As late as 2013 #HillaryClinton opposed marriage equality. #SemST,Against
@thehill all the more reason to vote #Democrat in 2016. #ACAworks #GetMoneyOut #RestoreTheVRA #Bernie2016 #waronpoverty #SemST,Favor
RT @Glenn_Hegar: Follow if you stand against Hillary in 2016! #SemST,Against
I can vote in 2016 after all ayyyyyyyyyy #SemST,None
"@jstines3 @WoodenThreat Open mouth, reveal heart-Margaret Sanger,architect for black genocide @larryelder @TheFive #HillarySoWhite #SemST",Against
I'm still so happy my voter ID came in the mail  #SemST,None
Great convo last night w/ @schoolbus_soul & @zaksteib Great connections in #Waverly & on my #turf! #FellowsIA #CommitToCaucus #SemST,None
#HillaryClinton is hiring #Monsanto lawyers to help her become President. The next president shouldn't be aided by Monsanto #SemST,Against
@marymorientes Love it. It happens in my world too! #SemST,None
@Froquesha u get me that book yea?  #SemST,None
RT @putterrod: @IngrahamAngle Republicans everywhere are looking for someone to lead. A leader not a liar. #SemST,Against
This weekend is the Hillary For America Weekend of Action & I hope you'll participate. -L #California #SemST,Favor
"It's good that after 30 years in public service (with zero accomplishments), Hillary is finally ready 2 serve the public! Lolol #SemST",Against
"We're out here in G-town, and where are you  #sctweets #SemST",None
@jstines3 @bcwilliams92 #Stephens begged for his life & @HillaryClinton @Madam_President is begging for ur vote #NotAChanceInHell #SemST,Against
RT @spanglishpop: Thanks @GOP keep sending in the clowns! It makes this upcoming election very entertaining #latinos2016 #Rock... #SemST,None
#ThingsYouDontSayAsAPolitician  I don't feel no ways tired. Go to the back of the line. What difference does it make?  #SemST,None
Laughing at the Republican Party. The BEST they can offer is #DonaldTrump and #JebBush?   #HillaryClinton has got this! #SemST,Favor
"@Temp15544 @icedecay @BrooklynJuggler @classic_mouth In this context, to all practical extents and purposes? It means #SemST",None
"Just met an awesome supporter on the CX bus! He said ""Hillary is one strong woman and we need that for our country."" #FellowsNV #SemST",Favor
"Hilary has lied, deleted Benghazi emails, and betrayed the trust of Americans scandal after scandal. #SemST",Against
"Hillary has lied, deleted Benghazi emails, and betrayed the trust of Americans scandal after scandal. #SemST",Against
"In high school, decided to be the first woman president in 2016, but I never got into politics & don't have Trump's money. #SemST",None
Thanks @izzybugatti for participating! WE are lucky to have YOU here in Iowa. #FellowsIA #SemST,None
"@jilevin @strumpetcity Yes. You make me proud. Socialism is the answer, which leads to communism. We will succeed. #SemST",None
"@GOP Obamacare stays and the Confederate flag goes. You guys have had quite the shitty week, haven't you? #SemST",None
Come visit me at the Jefferson County Fair! Representative Curt Hanson will tell a joke and I'll tell a story about why vote #SemST,None
I'm proud to announce I support #HillaryClinton!!!! #SemST,Favor
Excited to be working with some great #FellowsSC this summer. They're some pretty great people that are fired up for #LetsGo #SemST,None
Federal gov't social spending 61% of budget. Federal gov't defense spending 22% of budget. Something is definitely wrong here. #SemST,None
@HillaryClinton literally the greatest video I have ever seen. #SemST,Favor
@washingtonpost sir sory mae bi bharat mool ka hu par my hart is for democraet and #SemST,None
@ChelseaClinton's mom has got it going on! #POTUS #ChelseasMom #SemST,Favor
"America needs a champion!-H  No thanks,@HillaryClinton we don't need a champion, especially if you're that ""champion"".   #SemST",Against
Would that the rest of #us were able to escape from #Clinton as well #ClintonCorrectional #HillaryClinton #escapeClinton #SemST,Against
@HillaryClinton Awesome video!  Vote for Chelsea's mom. #SemST,Favor
Hilliary: I provided all work related emails  State Dept: There are work related emails you didn't provide  #Hillaredacted #SemST,Against
"#CarlyFiorina on #hannity, very impressive. A serious presidential candidate vs. A bad actress. #SemST",Against
"@LeighStorz @jstines3 Totally agree, Hillary is an incompetent scandal ridden phony. #SemST",Against
"This Friday is, officially, Political Incorrectness day! All day say whatever you want and offend everyone! Yay! #tcot #2A #PC  #SemST",None
"@FoxNews report shows U.S. State Department cannot locate 15 of Hillary Clinton's Private Emails.  Not so fast, Hillary! #SemST",Against
@Callisto1947 @texasman2008 @AmyMek Hillary's new Campaign Slogan:  HILLARY - NOTHING TO HIDE EXCEPT THE TRUTH !!!  #TCOT #CCOT #SemST,Against
I really need my new @HillaryClinton shirt to come in. Meeting some people at the brewery same night as a Bernie meetup there. #SemST,Favor
"Donald Trump is a joke. His a simpleminded idiot, and I have nothing else to say about him. He can go FUCK him self. #SemST",None
@HillaryClinton @ca_hillary stand on the right side #SemST,Favor
@HillaryClinton said #AllLivesMatter just like she said marriage was between a man and a woman! Giver her a few more years #SemST,Against
"#HillaryDebateQuestion So you profess admiration for #MargaretSanger who wanted to rid the country of ""negros"". Explain please? #SemST",Against
RT @mcirelli92: Hillary for the win #SemST,Favor
Y did #randpaul take donations from a #WhiteSupremacy group after shaking hands with black leaders? #BlackLivesMatter #gop #SemST,None
@clairecmc @RosieGray is that why she and @ClintonGlobal take that #Saudi money? #SaudiCables #SaudiCables #clinton2016 #SemST,Against
@petefrt this is how GOP needs to be handling campaign not attacking each other but showing all hillary fails. #uniteright #SemST,Against
@Molls30 @HillaryClinton I love it! One of our biggest donors is Saudi Arabia. They support women's rights completely! #GoTeam #SemST,Against
@HillaryClinton Did you feel same about #BillClinton's latest assault of teen girl? #hypocrite #HillaryClinton #Hillary_2016_NO #SemST,Against
My vote is definitely for Hillary. I don't want Bush's dumb ass. Don't want Trump either.  #HillaryClinton #SemST,Favor
"I'm in a better place now that I got some coffee, now time to grow these grassroots   #sctweets #SemST",None
"@SCOTUS_Scalia Right. Words no longer have meaning. Like Clintons,""It depends on what the meaning of 'is' is."" More if we don't #SemST",Against
@tedcruz won't be there. I'm supporting @HillaryClinton for President. #lgbtrights #ACAWorks #SemST,Favor
"@GideonHenry First SCOTUS reaffirms Obamacare, then it legalize gay marriage. Your world is crumbling! #SemST",None
What a huge win for America! Today is absolutely historic. #EqualityWins #SCOTUSMarriage #SemST,None
My sexy daddy Obama had two wins this week. Happy for him & democrats   #SemST,None
@TODAYshow Hillary's emails missing and incomplete? Who'd of thunk it??  JUST TRUST ME!!! #SemST,Against
@vacanti @samglover Maybe a woman should be President.  #SemST,Favor
Today LOVE won and Hate was defeated. #MorningJoe #UnitedBlue #SemST,None
"#Obama is riding high!! #ObamaCare #LoveWins #Republicans tearing out their hair, whatever is left of it ..Next is #SCOTUS #SemST",None
Thank you @HillaryClinton for your support of the LGBT community. On this historic day I thank you for giving us hope. #SemST,Favor
"A Black President,Healthcare 4 all, Marriage Equality...what's next?..a Woman President?!Damn RIGHT! #SCOTUS #MarriageEquality #SemST",Favor
"RT @muradguderian: Democrats are Red, Obama is a Communist, I'm a true Patriot, So stop Hillary.  #tcot #SemST",Against
@CBSThisMorning Emails missing and incomplete? Who'd of thunk it?  I'M ABOVE THE LAW and the rest of you peons! JUST TRUST ME! #SemST,Against
Who's monica Lewinsky's favorite football player? Ha-Ha Clinton Dix  #SemST,Against
"SCOTUS dealt a blow to Hillary Clintons last campaign 'promise'... What is she running on now? Corruption, lies, and deceit. #SemST",Against
"Do America a favor, If you feel you must vote for a woman candidate, Vote for #Carly2016 who at least has integrity unlike #SemST",Against
Getting another @HillaryClinton bumper sticker because #LoveWins and 2 just wasn't enough #SemST,Favor
@pamnsc @TRPhrophet @RamblingMother Thank you for RTs!!! #WakeUpAmerica #dumpboehner #ditchmitch #SemST,None
"@gerfingerpoken2 he made a careless mistake, she deliberately broke many laws & still lies about it. #SemST",Against
Very excited to hear Sen. Klobuchar speak today! #SemST,None
@PolitiBunny @Seja75 @hubbit @HillaryClinton I'm voting in the Democrat primary this year...to support @BernieSanders.  #SemST,Against
My liberty depends on you being free too. President Obama #SemST,None
@NRO Does @johnpodesta have any grasp on reality? I need more than 140 characters to address someone as naive as this man. #SemST,None
@JewboyDonny oh I know he won't he effed himself over in the beginning  #SemST,None
"I called everyone I knew and raised $17,000 from ex-boyfriends - Sen. Klobuchar #SemST",None
Great that @HillaryClinton attended #ClementaPinckney 's funeral today!! #SemST,Favor
"#WonderWoman movie, #TheMuppets TV show, #StarWarsVII, #MarriageEquaility #Obama. I guess I can leave social media now. Oh wait #SemST",None
@politico Remember when millions of GWBush's emails went missing or deleted re Iraq War and nobody had a hearing? Yawn! #SemST,None
#LoveWins on the day I get my Hillary gear! #Yaaas #Pride #SemST,Favor
@thegirlwithfood though. But there are people saying they just aren't going to vote at all which is ridiculous so #SemST,None
RT @ZerlinaMaxwell: Huge cheer for universal child care and early childhood education. #SemST,None
Hillary: stop pretending you were supporting the LGBT people when you opposed them until 2013. You are a lying conniving human #SemST,Against
@tedcruz @IamTheWindowMan  GET OUT OF MY STATE YOU BUM! #UniteBlue  #SemST,None
Whatever is the GOP going to do now with both marriage equality and the ACA? Going to be fun to watch! #SemST,None
@occupycorruptDC she ain't no ways tired of being a dumbass #SemST,None
"I AM A CROOK...and I like it, like it, yes I do #HillaryCampaignSlogan  #WakeUpAmerica #StopHillary2016 #specialreport #SemST",Against
@HillaryClinton Pretty sure you're gonna lose out on a lot of hypocritical #Christian votes by pretending to care about #LGBT #SemST,Against
"Moving forward, our next focus should be making higher education more attainable and eliminating the gender pay gap #SemST",None
Let's shatter the glass ceiling! - @GerryConnolly #VAdems #SemST,None
@JerseyKidPicks thank you sir. It's an honor to hear it. USA for life. Spread this for me. #RememberBenghazi2016 #SemST,None
"Let's make Secretary Clinton, President Clinton - @AGMarkHerring @vademocrats #SemST",Favor
I think I'll take @JebBush over @BobbyJindal now.. and that is scary to say.  #badchristianvalues #SemST,None
@kimkennedy4 thats why they still have no voting rights. #SemST,None
@LaneLewis Thanks for the follow! #TheHRCSuperVols for #SemST,None
"Sen. Kaine (D-VA) on #SCOTUSMarriage: ""What a great victory! #SemST",None
"I am having a really tough time seeing any leaders running for POTUS, quess I will have to wait and see what happens. #SemST",None
Hillary flew on private jet to speak to speak about Income & Equality. Dinner plates were $2700.00 ! #EqualityForAll #PJNET #CCOT #SemST,Against
"You're a idiot if you vote for Hillary, her and Obama are The Epitome  of what's wrong with this country #Benghazi #SemST",Against
"Despite today's ruling, our struggle to end LGBT discrimination is also far from finished - @HillaryClinton #VirginiaJJ #SemST",Favor
"@Jeanelynn Thank you so much for the follow and the FAV, Jeane!!!  Gods' best to you! #WakeUpAmerica #SemST",None
My mom just told me she and my aunt want to volunteer on @HillaryClinton's campaign! I support it! #SemST,Favor
Let's bring prosperity to the line workers & to the kindergarten teachers!!!- @amyklobuchar #inspiredbyhillary #SemST,Favor
"You cant fix stupid, might not be able to vote them out either. #SemST",None
If I get killed. Thank @realDonaldTrump . I was tweeting mad crap about him.  I don't take it back. #SemST,None
Amazing turnout @TheCenterLV . Emotional crowd. RT if agree love wins. #FellowsNV  #SemST,None
"@megynkelly anytime a liberal throws around words like ""truth is"" or ""reality is"" you know they're about to LIE! #SemST",None
@BuffaloBill71 @AramisFraino @pamnsc  Thank you so much for FAVs and RTs!!! #WakeUpAmerica #SemST,None
@therealjenappel IM HIGH ON HASHTAGS RIGHT NOW I CANT HELP MYSELF #mypresident #SemST,None
@realDonaldTrump WHY IS IT THAT YOUR CLOTHING LINE IS MADE IN CHINA? Can U say Lier pants on fire? #morningjoe #unitedblue #SemST,None
SLOWLY SLOWLY THE DEBT CRISIS WILL IMPLODE NATIONS CURRENCY #AmericaDeadBrokeSAVE THE DOLLAR NOW #SemST,None
#AmericaDeadBrokeSLOWLY SLOWLY China wants the yuan to replace the U.S. dollar as the world's new global currency. #SemST,None
@HRCSnowShovel it must be hard work burying the @HillaryClinton anti-LGBT rights record #LoveWins #FeelTheBern #SemST,Against
#HillaryClinton We've all been waiting for your rainbow-striped pantsuit  #fashionista #LoveWins #SemST,Favor
@JebBush you are set to lose if ur campaign is based on critics instead of proposing #bushfail #SemST,None
I always joke about anything political bc if I were serious I'd end up offending people and not realize it. #SemST,None
My dad told me he's voting for Hillary. I'm so proud. LOL #SemST,Favor
@dedicated_to_it i think the main problem is having your foot in your mouth in the first place. #SemST,None
Well Strung is what should happed the next time these Hillary-loving ass douches encounter some trees. #RedEye #SemST,Against
I am just full of myself tonight  #tofunny #funny #funnier #hilarious #HilaryDuff #QuotesOfTheDay #quotestoliveby #quotes #SemST,None
If I ever meet Hillary Clinton I will have died and then come back to life b/c I will be so happy #idol #SemST,Favor
"@ARForHillary @HillaryClinton @HillaryIn2016 So proud of you! Soon, we will show who we really are. Keep up the good work! #SemST",Favor
@HillaryClinton I'd ask #HillaryClinton to stop lying about #Benghazi & #ClintonFoundation ties to #terrorist #muslim #ISIS. #SemST,Against
@HillaryClinton You Flip/Flopped on the Gay marriage issue; must be more votes available with your current view? #SemST,Against
"@HillaryClinton More lies and hypocrisy. As senator of NY, you clearly said you were opposed to gay marriage. #SemST",Against
@HillaryClinton You have proven your dishonesty once again in flip flopping on this issue. People know you were opposed before. #SemST,Against
@LaureneDiCillo @NBCNews @dl34l And why are major media outlets not exposing Hillary's blatant flip flopping on this issue. #SemST,Against
WHO'S READY FOR A DAY OF ACTION?! I know I am! #FellowsSC #SemST,None
@DRUDGE_REPORT We haven't even had the elections yet. #SemST,None
"96 commit cards collected for Hillary in Greenville, SC so far! #FellowsSC #SemST",Favor
"Headed to Chester, SC for a big hillary canvass! Join me. Wylie park 11-3 #SemST",Favor
Save an intern.... Keep Bill & Hillary out of the White House.  #SemST,Against
@HillaryClinton Where are the #LGBT pride condoms #BillClinton used when he assaulted #MonicaLewinsky? #HillaryClinton #tlot #SemST,Against
Fox News predicting 3 way marriage-gee we have the Mormons for that!  #morningjoe #unitedblue #SemST,None
@philadper2014 @LouiseKatina Hillary's New Campaign slogan is:  HILLARY - NOTHING TO HIDE BUT THE TRUTH!  #tcot #WakeUpAmerica #SemST,Against
Madam President Clinton; you have all the gays vote. #jarrid #SemST,Favor
@debaterlife took me a minute to realize where this came from #SemST,None
@gerfingerpoken @jjauthor one can only hope #SemST,None
@ReCorwin She didn't even answer with a complete sentence LOL. #Legend #SemST,None
"Gay marriage is a minor setback for Fox News. Tune in for a full collapse on November 8, 2016. Lots of tears and broken hearts. #SemST",None
@HillaryClinton So what's your goal for setting up victims for #BillClinton to assault? #HillaryClinton #ChelseasMom #tlot #SemST,Against
Thanks @Chefs4Hillary for amazing noms for canvassing #FITN #SemST,Favor
@LindaSuhler and the sheeple will still vote for her #SemST,Against
"One of Hillary Clinton's biggest idols is Margaret Sanger, who called for the extermination of colored people. #SemST",Against
@foxnation That should have been done BEFORE she got rid of it!!! #NoHillary2016 #SemST,Against
@GREG61032 @CarmineZozzora @Ash_Bell__  perfect definition of JIBBERISH  #UniteBlue #SemST,None
"I need @JamesCarville & @HillaryClinton to stop emailing me. I love you, but I need my space. #stillvotingforyou #SemST",Favor
@nytimes this will cost them the 2016 election. #SemST,None
"HillaryClinton Next up for legalization: Your pet goat, or your #pedophile neighbor 'dating' the 9 year old next door.. #SemST",Against
@HillaryClinton Will #pervert #BillClinton be there if winner is teen girl? #HillaryClinton #Democrats #liberals #tlot #GOP #SemST,Against
When you fav supports the wrong candidate  (@ladygaga)  #Bernie2016 #SemST,None
"@koolkat14215 Haha, I LOVE your header! #SemST",None
"I hate Hillary Clinton and Obama, please go die together  thrown into the ocean get ripped into prices by sharks. #SemST",Against
@Raging_D_RTR @CrimsonHotMess I'm for CHANGE and EQUALITY #SemST,None
.@Theblacksphere #Hillary took a #HypocriticalOath with a vow to do harm to all that cross her. Are you #ReadyForHillary  #GOP2016 #SemST,Against
@lbush34 @HillaryClinton just defending my girl Hillary! #SemST,Favor
@larryelder The more Republicans  talk about social policy the better....for #SemST,None
The only Intelligent Choice for USA is Hillary Clinton....You can not afford to stay HOME ...you must VOTE and VOTE #UniteBlue #SemST,Favor
"@fuzislippers @KLSouth @gdebenedetti Yeah, she's a real forward thinker! Lol  #MakeAmericaGreatAgain #WhyImNotVotingForHillary #SemST",Against
@LibtardLimbaugh @Mex38Tex @NRO Thanks so much for this article! #SemST,None
I got it! I got it!   A Hillary accomplishment!   She's managed to stay out of prison despite a 30-year crime spree. #tcot #ocra #SemST,Against
@JebBush Here are my thoughts on the ruling: keep your archaic non-science based beliefs out of the laws of our secular nation #SemST,None
"@Reince Facts confirm what we knew. Used server to prevent e-mails from becoming public records. Like Obama, no transparency. #SemST",Against
Republican candidates continuing to spread hatred and alienating the voters. Hillary wins!  #LoveWins #MikeHuckabee #Rubio2016 #SemST,Favor
Hillary Clinton might end up having my vote. She's been tackling so many issues that America needs to face. #SemST,Favor
Apple and Walmart = MADE IN CHINA Why does our country continue to sell us out to China in every way possible? #AppleMusic  #SemST,None
if Hillary wins the election there's a chance we might move to Australia. #HILLARY4PRES #SemST,Against
@ghostseven77 WE HAVE A TROLL ! #morningjoe #unitedblue #SemST,None
"Dick Morris: @HillaryClinton is ""fundamentally corrupt"". He should know! #copolitics  #wcs15 #SemST",Against
@WestonMartinez @crazytas62 Cruz needs to autograph bomb #SemST,None
"@CidEloisa @DiggingLamb Thank you so much for RTs and FAVs, Eloisa and Thomas!!! #WakeUpAmerica #SemST",None
My how times have changed: @MartinOMalley has focused his attacks on @BernieSanders not @HillaryClinton #SemST,None
@moser_kristen  I love how you pay more attention to the democratic candidate than you own republican candidates #KnowTheEnemy #SemST,None
& I bet that @HillaryClinton is thee best choice for President in 2016she's the next best one for the people  #Vote #SemST,Favor
Can't wait to get my #YaaasHillary shirt!  @HillaryClinton #SemST,Favor
@realDonaldTrump @WhoopiGoldberg @Univision #VoteForHillary @HillaryClinton isn't racist. A leader who demands #EqualityForAll #SemST,Favor
@dhz26 I love a good sale. Money well spent. 2 birds with 1stone. #LoveWins #SemST,None
H stands for Holding Back e-mails belonging to #WeThePeople #obstructingjustice #WakeUpAmerica #HillaryLiesMatter #UniteBIue #SemST,Against
"Bernie or Hillary? Prefer Bernie but Hillary fine. Either way, Dems gotta stand together in 2016. #FeeltheBern #SemST",Favor
"#HillaryClinton might want to book smaller venues for her rallies, if not many empty seats will be seen on TV, that's bad lol #SemST",Against
@WNTonight i love bernie because he ain't #SemST,None
"Night, sleep tight, don't let Hillary bite. says @Tony_Tickets   ""Nightmares"" is all I say.  #SemST",Against
@foxandfriends How could we support it if it was secret??? #NoHillary2016 #SemST,Against
"Why is HRC so popular?  This deceptive socialist accomplished nothing. Is only wife of an impeached President, who enabled UBL.   #SemST",Against
2016 is going to be a great year. Rush Limbaugh's contract is over and he will be dropped by so many. Liberal victory #stoprush #SemST,None
@HillaryClinton R U desperate or what? 3rd Hillary tweet on my timeline 2day. NOT gonna vote 4 U! #SemST,Against
@awj9009 not at all I think the statute of limitations has expired plus I can always have a driver ala #SemST,None
"Never vote for @RickSantorum ""for the survival of our country"" #LoveWins #SemST",None
@voxdotcom   #wgn #WGNTV - now mentions ROMNEY? #Hillary CARE = ROMNEY CARE = #Obamacare -- now PUBLIC OPTION for ALL #SemST,None
@BDabs888 let's go shoot your now today. #SemST,None
"I guarantee Hillary could care less about black rights.  If Obama did, blacks wouldn't be in the same predicament still.  #SemST",Against
"Hillary LIES, yet people still desire her as the President of the United States. #sad #SemST",Against
@17leete17 hahaha. He is some kind of special..  this is why Hillary's going to win! Hahaha. #SemST,Favor
@realDonaldTrump @MalachiNorris lol!!!!  That is one of the funniest things I've heard in a while!!!!  #SemST,None
Remember back when #CrackerBarrel gave in 2 #PoliticalCorrectness over #DuckDynasty ? #Wakeup #NASCAR  b4 it's to late  #tcot #SemST,None
Will the media ever get real with Hillary? #2016 #Benghazi #Clinton #SemST,Against
"Last week = Life (Obamacare, gay marriage)  Today = Death (air pollution, lethal injection)  Elections matter, y'all. #SCOTUS #SemST",None
Do you know what would REALLY PISS .@HillaryClinton OFF?  .@VP .@JoeBiden runs against her. LMAO!   #WakeUpAmerica No longer is #SemST,Against
Is there a Govt restart button? Someone needs to push that thing. #RememberBenghazi2016 #PatriotsWillRise #SemST,None
"Bad punning gets worse, not better, over time. Remember that, America #SemST",None
"#Putin, the last thing the US needs right now is another #Clinton or #Bush in the White house. We're a dynasty now? #Jeb2016 #SemST",Against
Hillary's New Campaign slogan is:  HILLARY - NOTHING TO HIDE BUT THE TRUTH!  #tcot #WakeUpAmerica #SemST,Against
@GOP Of course @HillaryClinton is silent. That insures she doesn't have 2 stand 4 ANYTHING & less chance of offending voters #SemST,Against
Don't you someday want to see a well qualified candidate by the president of the United States? #ReflectingHillary #SemST,Favor
"It's Monday night,do you know where your Hillary supporters are? In Rock Hill at our Amazing Phone bank! Come join!HillaryforSC #SemST",Favor
Casually hangin' with @HillaryClinton on a conference call while taking a break at #ACUHOI. #SemST,Favor
Our Queen City is currently infested w/ out-of-state plate Priuses driven by millennials w/ Hillary bumper stickers. #MHT #SemST,Against
Gwen being a good leader and training a new volunteer in rock hill.! #FellowsSC #HillaryForSC #SemST,Favor
"#DemocRAT2014Slogans: ""Why work? When you can VOTE DemocRAT - twice!"" #tcot #SemST",Against
@HillaryClinton Yes I can and will. #SemST,Favor
@HillaryClinton Yes! I am chipping in 5$ because we have faith in you. #SemST,Favor
@AndreaTantaros @3coffeesplez WTF? This just keeps getting crazier! #SemST,None
"Apparently, @BernieSanders fans don't like to see Hillary's name even implied.  #SheWhoShallNotBeNamedBecauseShesWinning #SemST",Favor
Fantastic Emmet County Dem meeting tonight in Estherville. Glad to meet some @HillaryClinton supporters! #SemST,Favor
"Gay Rights are Human Rights, and Human Rights are #GayRights - @HillaryClinton #HillaryForAmerica #SemST",Favor
I think it's funny people think Bernie can take on Hillary and Bill #SemST,Favor
As much as @BernieSanders's poll numbers have jumped I still have Hillary winning the Dem. nomination. #SemST,Favor
@PhilGlutting @megadreamin Thank you so much for RT and FAV!!! #WakeUpAmerica #Rubio2016 #Cruz2016 #SemST,Against
@marcorubio will not let our enemies take advantage of us like Obama is doing & Hillary will do! @TeamMarco #NewAmericanCentury #SemST,Against
Just think how many emails Hillary Clinton can delete with today's #leapsecond #SemST,Against
The kind of Gov that Liberals promise you can only be achieved and sustained with a Conservative Government.   #HeatWave #tcot #SemST,Against
@TIMENOUT Is there anything about the Clintons that is not fraudulent? #SemST,Against
@HillaryClinton > since trickle down economics has failed when was the last time a poor person created jobs? #SemST,Against
@petefrt That woman is so corrupt she can't even have a truthful thought. #SemST,Against
It's official. Every single #GOP member is now a candidate for #POTUS. Who needs #leadership when you have a #soapbox? #SemST,Against
"So glad @ChrisChristie has announced his candidacy - fits right in with all the other ""qualifies"" republicans on the list. #SemST",Against
"Hillary claims to be a ""champion"" of the middle class, but @RandPaul tax plan cuts the FICA tax, benefiting the middle class. #SemST",Against
It is offensive when the mexican flag flies on US soil. California state capital. #Lovewins #univision #foxnews #DonaldTrump #SemST,Against
Can anyone name the jobs #HillaryClinton has been responsible for creating.. Even her security is an entitlement... #SemST,Against
"@LeahR77 @DrMartyFox > With continued #Obama's & @TheDemocrats Admin policymaking, #USA will become #Greece! #WakeUpAmerica #NJ #SemST",Against
@johnpodesta @HillaryClinton awesome every true chef needs this.. Go Hillary #SemST,Against
@CorrectRecord is quite obsessed with emails and transparency. Why did Hillary Clinton destroy her emails? #clintonemail #SemST,Against
@Logan_RTW I agree with her previous stance; and I'm sure she still believes in what was said before. #SemST,Against
@HillaryClinton Hahahaha how much are you going to charge them!!!! #NoHillary2016 #SemST,Against
#AskBobby Do you think #HillaryClinton has turned over all of those emails on her private server she destroyed! #SemST,Against
@FoxNews we just have to hang in there long enough that this idiot doesn't completely destroy the country #SemST,Against
#AskBobby would you blame an obscure film maker for the death of #USAmbassador in #Benghazi like #SemST,Against
I feel confident that @HillaryClinton will win  in 2016. #SemST,Against
"@asphaultangel13 Afterall, they're just a poor black family trying to pay the bills!  @crousselle #WhyImNotVotingForHillary #TCOT #SemST",Against
Great day in Emmetsburg meeting with #HillaryClinton supporters and learning more about important issues in Palo Alto county #SemST,Against
"Is a Eric Holder making 7 figures in the financial industry he protected from prosecution, yet?  Why do Libs love 1%ers?  #SemST",Against
Fashion News: Hillary has a new clothing line coming out called Flip Flops R US   #tcot #Benghazi #SemST,Against
@Jami_USA I'm just hoping we don't have to resurrect the no H8 for Hillary's second term. #SemST,Against
U Missouri at KC got Chelsea caus Hils cost too much. Chels could arrive w/ mom - no xtra charge. @HillaryClinton #SemST,Against
@GovChristie can't even run NJ and wants to be president? I'd vote for him before @HillaryClinton #SemST,Against
"RT @HillaryHaikus: #Ready because one day girls will say: I want to be President, too.  #ReadyForHillary #haiku #SemST",Against
@PhxKen Shocked she didn't burst into flames! #WakeUpAmerica #makeAmericaGreatAgain #SemST,Against
so @AdamParkhomenko met @oliviawilde . there aren't enough words to describe my envy haha #SemST,Against
@robin45208 @C4Constitution Thank you so much for RTs!!! #WakeUpAmerica  #SemST,Against
Republican donors have numerous candidates to put their money on. Dems basically have one. We're gonna get killed financially. #SemST,Against
Can @DavidCornDC help Cuckold Conservatives win in 2016!  More cuckoldry please!  #Christie2016 #DonaldTrump #UniteBlue #p2 #SemST,Against
Chris Christie for President? HAHAHAHAHA!  I don't think so!  @HillaryClinton #Clinton #Hilary #SemST,Against
@megynkelly Hahahaha combed through emails!!! Bunch of scumbags!!! #NoHillary2016 #SemST,Against
Loved talking with Yvette today about education and women's voices in politics. Can't wait to see her on caucus day! #FellowsIA #SemST,Against
"#BENGHAZI WAIT DID I SAY ""THANK GOD?"" VOTERS? SRY!! MT!! I MEANT ""THANK GOODNESS!"" NO OFFENSE INTENDED! ##tcot #SemST",Against
@pikester45 Exactly what I don't want to see happen in America. #SemST,Against
"@Lawrence @TheLastWord There is no enthusiasm gap, Mr. Lawrence!    -@TheHRCSuperVols   @JW4Hillary @kimfrederi #Hillarymen #SemST",Against
@HlLLARY @ToniforAsm Hillary for Prez = Obama's third term and that's the last thing we need!! #SemST,Against
@businessinsider One thing that's painful is the mindless minutiae her strap hanging cling-ons force her to endure. #huma #SemST,Against
The guy in the multicolored shirt looks chi as fuck. #SemST,Against
Insurgent. What will happen if Hillary becomes dictator in chief. #SemST,Against
How can we expect u to make good financial decisions for the US if u can't manage ur own multimillion $ salary so ur not broke #SemST,Against
"@liars_never_win @HillaryClinton shhh, go get me an iced tea..... #SemST",Against
@FoxNews @GovChristie @HillaryClinton Actually she should be disqualified from running!How many scams and ethics problems now? #SemST,Against
#Christie2016 you can't claim #Bridgegate wasn't your fault when you were the man behind the wheel. #GOP  #TeaParty #TCOT #DEM #SemST,Against
@Debber66 @andersonDrLJA She will be a  #CenterHitler. #SemST,Against
"@HillaryforNV @MissLynnetteH 2 hours left, let's chip in $5, Nevada! #raisethenewPOTUS #SemST",Against
How anyone can believe a single word that comes out of that woman's mouth is beyond me... #SemST,Against
RT @Waitingforahero: 2nd tweet-#POTUS2016 candidates #guncontrol Read article-esp #JebBush (make #GunViolence worse) & #GunSen... #SemST,Against
@HillaryIn2016 hey I just checked your blog. Kudos! Keep it up! #SemST,Against
"The owner of Univisin, donated as much as $25 million to the Clinton Foundation, his wife sits on its board #Univision #Trump #SemST",Against
Hillary had just enough time to doctor her email inbox to her advantage before releasing them.... hahaha #justkidding #SemST,Against
".@davelevinthal Operating a shredder, now @hillaryclinton is WAY more adept at using THAT! #WakeUpAmerica #TCOT #OhHillNO! #SemST",Against
"@theblaze gee,  what a busy schedule she had. #SemST",Against
So you're used to the @AP calling for your approval before running a story @davidaxelrod?   #LikeHillary #HillaryEmails #SemST,Against
"White, middle-aged men did a pretty good job leading this Country for 230 yrs. Racist? Sexist? No, I'm a realist. #SemST",Against
It's more than mistakes...with #HillaryClinton lying and cover-ups are a way of life. @NormanSie @n2toom  #tcot #uniteblue #SemST,Against
Hillary can't use a fucking fax machine but you idiots are going to vote for her to be President?  #SemST,Against
@gerfingerpoken2 #hillary is most likely a felon many times over but has been protected by the political class. #SemST,Against
@HillaryClinton you have my support. (Now lets see how many people unfollow me.) #2016election #SemST,Against
#Hillary's still very weak among grassroots - as shown by how strong #BernieSanders got how fast on how little. @AaronBlakeWP #SemST,Against
"Now that #Hillary is raising money like an incumbent president, can we stop pretending that she won't be the nominee? #SemST",Against
"All Americans have value to our society, it's called a vote. #LiberalLogic    #InternationalJokeDay #SemST",Against
Free market capitalism is America's best friend because of constant pressure to innovate & use resources efficiently. #SemST,Against
Thank you for your kind RTs and FAVs @pamnsc !!! #WakeUpAmerica #todosmarchamos #Cuba #SemST,Against
Hillary's campaign raised $45 million  91% of all donations were $100 or less  This is a record. Beating Obama's record in '11 #SemST,Against
Win with the Blacks. Put some of your focus on the racial tension between Blacks and Whites. #SemST,Against
".@NewtGingrich on @HillaryClinton: ""She's very formidable... she's a very competent person. #SemST",Against
@WashTimes @BretBaier Why is there no outrage about all the smoke & mirrors w/ this candidate? Are you hiding Hill! #SpillHill #SemST,Against
I'm really excited for 2016 after finding out the amount @HillaryClinton raised. We got this. #SemST,Against
@docdebags @awelab1956 @BuzzFeedAndrew @BuzzFeedNews  It will. Otherwise we're guaranteed GOP in control of all 3 branches. #SemST,Against
.@DavidLimbaugh - agree put it back.. But I have a feeling it won't go away.. It will keep coming back! #SemST,Against
"of lear jets and fax machines...LOL @HillaryClinton ""woman of the people"" HA! #BestTheyveGot #SlushFund #UraniumDeal #SniperFire #SemST",Against
.@FoxNews @brithume ok.. So where are these emails coming from? Didnt @HillaryClinton already say the server was erased? #LIES #SemST,Against
I dreamt about Hilary Clinton last night. Does this mean her plans to control us and take over the world are coming true? #SemST,Against
@CoachDLG515 @Retired36 I'm glad that you will now slice all round.  #SemST,Against
#Obama administration lies again.. Knew of #HillaryEmails being private.. transparency???? #SemST,Against
"Dude, why can't Hillary run a fax machine?   #SemST",Against
@jimlibertarian @peddoc63 @Callisto1947 @MaydnUSA @c5hardtop1999 @surfermom77 @SMolloyDVM That's right! #SemST,Against
If a man demanded staff to get him an ice tea he'd be called a sexists elitist pig.. Oink oink #Hillary #SemST,Against
@HillaryClinton will be the nominee for the Democratic Party. Period. And she's gonna win the Presidency too. #SorryBernie #SemST,Against
"@RNRNewYork in her #Emails @HillaryClinton said there were ""a couple of Facebooks"" on her :) #TotalIncompetence #RedNationRising #SemST",Against
"@DrMartyFox @BossHoggUSMC @JohnFromCranber @seanhannity @SheriffClarke Fine, they can leave USA & never come back. #OiP #Cruz2016 #SemST",Against
"My birthday is on July 24th, if anyone needs a gift idea #ChillaryClinton #SemST",Against
LOOKING FORWARD TO #CUBA EXPANDING MAJOR EXPORTS OF PICK UP TRUCKS CONVERTED INTO RAFTS!! SO EXCITING! #tcot #SemST,Against
@POTUS I want you to President for a 3rd term!!! Please make it happen LOL! I'm fine with #SemST,Against
#AskPOTUS Would you fire the #GOP congress for not doing their job if you could? #GOPFail #SemST,Against
@jhewitt1280 @SpeakerBoehner @HouseBenghazi @TGowdySC What her emails? They released the rest all very boring. #SemST,Against
"hey ""transparent"" @HillaryClinton so...who is ""Santa""? #LibHack #Pay2Play #Corruptocrat #tcot #Benghazi #VinceFoster #Monica #SemST",Against
"Take it easy Ed, #BernieSanders is a side show. Democrats are having some fun before getting back to reality in Nov 2016.  #SemST",Against
The Kool-Aid drinking leftanistas continue to close ranks with support for Madame Secretary. WTF? Hillary is a fraud full of lies. #SemST,Against
"Trump's inauguration speech (God Forbid)!!.....Me-me-me-me-China-me-me,""did i mention me yet!?..where's my hairspray China #SemST",Against
#KCA #VoteJKT48ID RfWheels3015: davidjones720 rratkinson Right I mean what the heck is an #ArabDonorGroup ?? #HillaryEmails #D... #SemST,Against
@HillaryClinton is opening 10 more offices in Iowa this week.  She's not playing around! #iacaucus #SemST,Against
Obama give Americans OVERTIME Pay! Republicans give Americans Welfare Checks! #tcot #UniteBlue #SemST,Against
"Make sure to make it to the Brew House in Pella, IA tomorrow @ 3 to meet with @HillaryClinton supporters! #SemST",Against
#Univision ignores Latino candidate Marco Rubio because he doesn't fit their narrative.They're invested with Hillary #rubio2016 #SemST,Against
"Overheard at the Davenport open house: ""Oh, I know you from Facebook!"" #DigitalOrganizing #SemST",Against
"@TODAYshow @ChrisChristie is not qualified b/c he eats $82,000 in snacks & b/c of D corruption of #Bridgegate  A BIG FAT BULLY! #SemST",Against
@AutumnNAlston @JonathanDKF @_sarah_babb_ @McCollumMike @HillaryClinton @HillaryforSC Inaugural tweet from our new account! Go #SemST,Against
"@hughhewitt like I tweeted you way back when, #ACA software can be fixed , but GOP strategic mistake of 'repeal' can't be fixed #SemST",Against
@msnbc @Lawrence @JoeBiden @SenSanders  we love Joe and Bernie--but they ARE too OLD--they would end up a #OneTerm President #SemST,Against
HER NAME IS RIO AND SHE DANCES IN THE SANAAAAAND!!! WHOOOO!! #tcOT #SemST,Against
@RobBently @JonahNRO @BernieSanders Hillary campaign  will shortly announce that Sanders was born in Canada. Yeah that's it. #SemST,Against
"Bill Clinton Decided against taking out Bin Laden.   And we Got September 11, 2001.  #SemST",Against
@politico   YAWNzzzzzzzzzzzzzz could keep the z's going for the full amt of Tweet characters but you get the point. #SemST,Against
"The Democrats are not creating Al QAEDA, they are creating A NUCLEAR ISIS.  THINK ABOUT THAT.  #SemST",Against
Kind of scares me that there are still thousands of emails that have not been released from Hillary's private emails.  #SemST,Against
"#TheDonald can't keep a beauty pageant afloat and wants to be the President?  Aw, hell no. #SemST",Against
You know emailgate must be going nowhere when Fox News are hashing out the Bosnia 'sniper fire' story again. #SemST,Against
BIG BOOTY BITCHES BIG BIG BOOTY BITCHES #SemST,Against
"@maddow I love Bern, but it's not his time! #SemST",Against
It's what's best for business and presidential seat for #HillaryClinton  #SemST,Against
It's great that @JebBush supports GMO crops. It's like the IT scepticism all over again. Science vs belief. #JebBush #SemST,Against
"Folks, this is what happens when Liberals are in control! All hell breaks loose! Had enough yet? #SemST",Against
If you need me I'll be screaming like a little baby from now until about ten minutes after @HillaryClinton arrives in #PTown. #SemST,Against
The biggest dumps of bad info is b4 a holiday weekend. What comes out of WH and state dept today? #HillaryEmails  #LiarLiar #SemST,Against
Leader of free world. Global navigating. Interacting with the international community. Beyond big crowds. Learned lesson. #SemST,Against
Those aren't pantsuits. They are camouflage outfits carefully tailored to minimize silhouette. Think stealthsuits.Very high tech. #SemST,Against
Just ordered my Chillary Clinton Koozies. Gotta support the team. #SemST,Against
We can't expect change if we continue to vote for the same people. You have to take a chance 4yrs is not that long #Bernie2016 #SemST,Against
@realDonaldTrump not good when only @AnnCoulter defends you. Your big mouth & giant ego are your downfall #stupidisasstupiddoes #SemST,Against
"Hillary must have been at the Navy Yard, under sniper fire!  #SemST",Against
"@JW4Hillary @MrDane1982 I choose ""it takes a village! #SemST",Against
"@mizerello @meetthepress at least he didn't lose an embassy, cover up a murder, or burn govt emails. #SemST",Against
#HILLARY has been lying for so long that her first fib was in morse code #HillNo2016 #SemST,Against
EVERYDAY AMERICANS AND THEIR FAMILIES NEED A CHAMPION AND HILLARY WILL BE THAT CHAMPION.   #SemST,Favor
#INeedMeninist because @HillaryClinton is running for president...do I need to say more? #SemST,Against
Cruz-- Perry 2016 @tedcruz @GovernorPerry It's the only win-win choice #SemST,Against
#CPC thinks they can run antisocial personal attack advertising on #socialmedia! LOL! #cdnpoli #StopHarper #FeelTheBern #fnpoli #SemST,None
@CBSThisMorning Bernie Sanders had record crowds in Madison wis why no mention from you guys you talked about trump #Trump #SemST,None
Was asked by @HillaryClinton to help with her campaign. Gladly (excitedly) accepted! #SemST,Favor
"@HillaryforIA come on, Iowa! For better USA and the ROW #SemST",Favor
"Pundits say Jim Webb facing uphill battle with Hillary.  Really, it's with Bernie for the anti-Hillary vote.  #JimWebb #SemST",Against
Exciting to hear more about our Fellows all across the country on tonight's call. Special shout-out to the #FellowsIA. #SemST,None
@AnitaFinlay @politico Hillary's doing the right thing -- staying focus on her campaign. #SemST,Favor
@chicagotribune #ayyylmao do #Democrats & other #liberals realize no one wants #HillaryClinton which is #Obamanation 2.0? #SemST,Against
"@betheljd Thanks for the follow David, may God bless you and your family.  #freeallfour #SemST",None
"@Network_Citizen @ProudInfidel33 @YoungBLKRepub ""@HillaryClinton can't even manage @billclinton and she wants to be @POTUS"" #lol #SemST",Against
"@sunbeltgirl @9975Ts @bobwilsonn ""@HillaryClinton can't even manage @billclinton and she wants to be @POTUS"" #lol #StopHillary2016 #SemST",Against
"@WoodenThreat @ProudInfidel33 ""@HillaryClinton can't even manage @billclinton and she wants to be @POTUS"" #lol #SemST",Against
"@kin2souls @sunbeltgirl @ChristiChat ""@HillaryClinton can't even manage @billclinton and she wants to be @POTUS"" #lol #SemST",Against
"@RedStateJake ""@HillaryClinton can't even manage @billclinton and she wants to be @POTUS"" #lol #WakeUpAmerica #StopHillary2016 #SemST",Against
@gerfingerpoken Why is this woman like teflon?  She has committed enuf egregious crimes she should B superglued 2the dang wall! #SemST,Against
"@Babbsgirl2 ""@HillaryClinton can't even manage @billclinton and she wants to be @POTUS"" #lol #WakeUpAmerica #StopHillary2016 #SemST",Against
"@ResistTyranny ""@HillaryClinton can't even manage @billclinton and she wants to be @POTUS"" #lol #WakeUpAmerica #StopHillary2016 #SemST",Against
"@weknowwhatsbest ""@HillaryClinton can't even manage @billclinton and she wants to be @POTUS"" #lol #WakeUpAmerica #StopHillary2016 #SemST",Against
@randyprine @fabiaceae They know they're going to lose to HRC so they keep trying! #SemST,Favor
"@realDonaldTrump ""@HillaryClinton can't even manage @billclinton and she wants to be @POTUS"" #lol #WakeUpAmerica #StopHillary2016 #SemST",Against
If you support @HillaryClinton you are supporting another term of the policies of George W Bush. #democrats #mepolitics #SemST,Against
@Shy_Buffy welcome little sister! Love you! #SemST,None
"@politico @anniekarni ""@HillaryClinton can't even manage @billclinton & she wants to be @POTUS"" #WakeUpAmerica #StopHillary2016 #SemST",Against
"@oreillyfactor ""@HillaryClinton can't even manage @billclinton and she wants to be @POTUS"" #lol #WakeUpAmerica #StopHillary2016 #SemST",Against
"@FoxNews  ""@HillaryClinton can't even manage @billclinton and she wants to be @POTUS"" #lol #WakeUpAmerica #StopHillary2016 #SemST",Against
"@politico  ""@HillaryClinton can't even manage @billclinton and she wants to be @POTUS"" #lol #WakeUpAmerica #StopHillary2016 #SemST",Against
Another #Hillary supporter committed to caucus tonight! One more step on the way to winning the Iowa caucus. #SemST,Favor
"@TIMENOUT  ""@HillaryClinton can't even manage @billclinton and she wants to be @POTUS"" #lol #WakeUpAmerica #StopHillary2016 #SemST",Against
So thankful for all of the volunteers who joined us at Bliss Studio in Fairfield tonight! #Rockstars #SemST,None
The most revealing part about Hillary's released emails is that they're pretty much as boring as mine. #nofriends #SemST,Against
"@FrankCraig: @skzdalimit if you're the best your side has to offer, we have nothing to worry about, slick. #SemST",None
"@RAM0018 @joanwalsh @Salon @BreeNewsome @chrislhayes Without the blacks and minority voters? NO, Won't happen! #SemST",None
@popcornreel @joanwalsh @SenSanders @BernieSanders He is what he is and it doesn't resonate with minority and black voters! #SemST,None
@awadgolf @Crossbearer1956 @ScottSaxman1 This is why I'm not voting for Hillary #SemST,Against
@foxnewspolitics NOT EVEN A LITTLE BIT!!! #Nobama #WeMissYouGipper #SemST,None
"#Putin, #NothingMoreAmericanThan voting based for a politician to lead the country when she can't even handle email. #think #SemST",Against
"#Putin, #NothingMoreAmericanThan voting for a politician to lead the country when she can't even handle email. #think #SemST",Against
2 people that are surprising? Trump &Fiorina. Why? Cause they're being honest w/what they think.  Obama built that.  #SemST,None
"So we're to believe that ""Santa"" is a hairstylist?   Um... okay. You often need code for that. #Lies #SemST",None
"Jimmy Fallon music playing. Thank you .... #DonaldTrump  ... for driving Latinos and Gays out to vote by the millions.  Love,  #SemST",None
@oreillyfactor Who gives a rate ass what a Old Queen has to say about Clarence Thomas? #SemST,None
So excited to hear @HillaryClinton speak here at @dartmouth in #Hanover #HillaryinNH @HillaryforNH #SemST,Favor
#HillaryInNH is like Adolph Hitler in a Synagogue.   #tcot #uniteblue #ctot #SemST,Against
@Ered604 welcome 2 Twitter~PROUD to be #UNITEBLUE~  #WarOnWomen  #worldpeace  #tngov #TN #socialjustice #AllLivesMatter #unity #SemST,None
Volunteer with  your local campaign this weekend! Help build Team Hillary - march w/ us in Bethesda! @AdamParkhomenko #MD #SemST,Favor
Didn't think about that. Don't think I'd ever vote for someone with dual citizenship. Can't believe it's legal. #Bernie #SemST,None
Clinton entitlement is the proverbial American hemorrhoid #tcot #Opinionated #SemST,Against
"Norman Hsu illegally donated $850,000 to @HillaryClinton, there is evidence he worked for China.  White House for sale.  #SemST",Against
"@kryptickaos_ I would have to agree, but I would be surprised if he gets the nom. Jeb bush has the money, and he's a moderate. #SemST",None
"@HillaryClinton lied about the cost of the gala, she was fined for it, but if it were @GOP they'd be in jail  Unfit for office  #SemST",Against
Fabulous @HillaryClinton ! You hit on every subject and I am proud of you ending on a note of kindness. #HillaryInNH #SemST,Favor
"#SOCIALMEDIA is NOT for #sociopaths & #psychopaths. If you insult people u don't know, you are the above. Resign. #feelthebern #SemST",None
@ZekeJMiller @BretBaier @danmericaCNN  How could anyone vote for that woman?  #SemST,Against
@RedHatGeek Hillary's nose from lying is now bigger than Bill's cigars. #SemST,Against
@DemocratGuide @Reuters bur #Hlllary just raised 45 million! #SemST,Against
Hopefully Hillary Clinton gets cancer and dies before she gets the opportunity to embarrass our country any further. #july4th #SemST,Against
@JOEL5H @wonderfullone @Bipartisanism I hear the Peter Gunn theme. She's going to kick some serious GOP ass. #SemST,Against
At least the few mistakes made by @GOP candidates on the campaign aren't felonies like the ones@HillaryClinton makes.#OhHillNo #SemST,Against
Great comments by @MittRomney about pathological liar #HillaryClinton . #SemST,Against
I wish Bernie's fans would stop screaming. #Bernie2016 #SemST,Against
@realDonaldTrump is the only honest voice of the @GOP and that should scare the shit out of everyone! #SemST,Against
@frodofied SO? THt will NEVER erase their support of DOMA & silence on #LGBT #LGBTQ rights until it is politically aventageous. #SemST,Against
@roughcountry451 @vendettajane Fortunately Bryan he does not have a saying on that  #freeallfour #SemST,Against
@anthonyweiner super out of touch and stupid.   Please go away. #NYCPride #NYC #SemST,Against
"@clantro @jjauthor @CarmineZozzora  Why not, they lie about everything else, even when confronted with the truth.  #freeallfour #SemST",Against
"over the river and through the woods, and UP WITH HILL WE GO! Yass #HillaryClinton  #Hillary   #SemST",Against
"I am a big HILLARY Clinton supporter. My plan is working, poor Donnie doesn't even know. #Trump2016 #SemST",Against
@greta What #Bernie2016 has done is work for DECADES on behalf of the American people not the corporatocracy who own corrupted #SemST,Against
"@TrucksHorsesDog  #CommonCore , another brilliant idea supported by a #bush.  #nomorebushes  #SemST",Against
"Do we breathe & live or ignore & collectively succumb to toxins of political, ecological, unwanton oligards? #p2 #bernie2016 #SemST",Against
"She's NOT a WOMAN, she's a POLITICIAN. #WhyImNotVotingForHillary #StopHillaryClinton2016 #Benghazi #savetheUSA #SemST",Against
"@HillaryClinton I wish u were in Benghazi instead of those great people, chronic liar and power hungry animal #SemST",Against
"YAAAS, Hillary! @TsarRhys wins best dressed here at the #Merrimack 4th of July parade! #HillaryforNH #SemST",Against
"The Dukes of Hazzard has been on tv for 36 years, yet you weren't offended until the #liberals told you to be.  #unitedblue #SemST",Against
".@HillaryClinton The spatula seems appropriate, given that it can be used to easily flip positions if the heat gets to high. #SemST",Against
"Why does the "" shit barometer "" always rise when Republicans speak? #USA #July4 #SemST",Against
@Ba68scgal The guy w/ the #Benghazi sign has guts Loveit #NoHillary2016 #SemST,Against
"@vendettajane Thanks for the follow, may God bless you and your family !  #freeallfour #SemST",Against
@MyOTRadventure Compassion the new frontier Hillary will go where she's never gone before She'll need a village & a committee #SemST,Against
Since #SNL ain't that funny anymore please @JoeBiden run for president.. if even just for the hilarious debates between you & #SemST,Against
"I support Bernie on account USA needs a new direction but, if he loses in primary ,I'll support Hillary Clinton. #Sanders2016 #SemST",Against
"@HillaryClinton Your treatment of the press, Amb Stevens' fam, and the intel of the American ppl is enough to send you to jail #SemST",Against
Hilly & Barry's Bloody Benghazi Bamboozle #HillaryIceCreamFlavors   #tcot #WakeUpAmerica #SemST,Against
@NumbersMuncher @HillaryClinton She's the animal!! She's also a sellout!!! Ppl that vote for her are sellouts!! #NoHillary2016 #SemST,Against
"@redsteeze:  Broke, as in Dead broke"" Elitist Nauseating Get behind the rope  Hateful Arrogant Z Ideologue  Someone else add Z. #SemST",Against
@redsteeze @maggieNYT By that time the guy with #Benghazi sign will be arrested. #SemST,Against
@adamplevy @maggieNYT @danmericaCNN The people came to see & hear Hillary not the Press obstructing their view #SemST,Against
@PoliticalShort She would have to have a conscious to be haunted. @jlconnell66 #killary #Marxism  #SemST,Against
@theblaze  Heaven forbid anyone invade the space of the Queen of Lies. -_- #SemST,Against
"@TarekFatah @anniekarni And Abedin's penumbra, the Muslim Brotherhood. Her connection is incontrovertible #HumaAbedin #SemST",Against
/#Leftest #Hippocratic #Domecrats won't vote for #FineLady #MichellBachmann but will vote for #EmailScandal #Benghazi #Killary #SemST,Against
Support #independent #BernieSanders because he's not a liar. #POTUS #libcrib #democrats #tlot #republicans #WakeUpAmerica #SemST,Against
@Babbsgirl2 @DrMartyFox She is as bad or worse possibly than #Obama and she will continue to break laws as if she is invincible. #SemST,Against
"@nytimes was that ""awkwardness"" or ""awfulness""? I think the latter #SemST",Against
Today's number is 8! That's how many years old Jesus was when he learned to ride a bike!  Pretty cool dude! #USWNT #proudmom #SemST,Against
"@JessieJaneDuff Results matter. U may feel less safe, but that is ur mental health issues. No 9/11s on Obama's watch #SemST",Against
Grateful for the chance to tell the world about my love of many flavors of ice cream! #WakeUpAmerica #SemST,Against
"If you cant dazzle them with brilliance, baffle them with bullshit. #HillaryClinton #libstardsareidiots #SemST",Against
@akawhit1 ITS TIME TO ROPE OFF KILLARY @FoxNews DELETE HER OFF YOUR BALLOT SHE IS A CLONE OF SODOM  INSANE OBAMMAD #WakeUpAmerica #SemST,Against
